"date","AAPL.Open","AAPL.High","AAPL.Low","AAPL.Close","AAPL.Volume","AAPL.Adjusted"
2022-01-03,177.830001831055,182.880004882812,177.710006713867,182.009994506836,104487900,178.443099975586
2022-01-04,182.630004882812,182.940002441406,179.119995117188,179.699996948242,99310400,176.178421020508
2022-01-05,179.610000610352,180.169998168945,174.639999389648,174.919998168945,94537600,171.492050170898
2022-01-06,172.699996948242,175.300003051758,171.639999389648,172,96904000,168.629302978516
2022-01-07,172.889999389648,174.139999389648,171.029998779297,172.169998168945,86709100,168.795989990234
2022-01-10,169.080001831055,172.5,168.169998168945,172.190002441406,106765600,168.815628051758
2022-01-11,172.320007324219,175.179992675781,170.820007324219,175.080001831055,76138300,171.64892578125
2022-01-12,176.119995117188,177.179992675781,174.820007324219,175.529998779297,74805200,172.090133666992
2022-01-13,175.779998779297,176.619995117188,171.789993286133,172.190002441406,84505800,168.815628051758
2022-01-14,171.339996337891,173.779998779297,171.089996337891,173.070007324219,80440800,169.678329467773
2022-01-18,171.509994506836,172.539993286133,169.410003662109,169.800003051758,90956700,166.472427368164
2022-01-19,170,171.080001831055,165.940002441406,166.229995727539,94815000,162.972396850586
2022-01-20,166.979995727539,169.679992675781,164.179992675781,164.509994506836,91420500,161.286071777344
2022-01-21,164.419998168945,166.330001831055,162.300003051758,162.410003662109,122848900,159.227233886719
2022-01-24,160.020004272461,162.300003051758,154.699996948242,161.619995117188,162294600,158.452682495117
2022-01-25,158.979995727539,162.759994506836,157.020004272461,159.779998779297,115798400,156.648773193359
2022-01-26,163.5,164.389999389648,157.820007324219,159.690002441406,108275300,156.560516357422
2022-01-27,162.449996948242,163.839996337891,158.279998779297,159.220001220703,121954600,156.099761962891
2022-01-28,165.710006713867,170.350006103516,162.800003051758,170.330001831055,179935700,166.99201965332
2022-01-31,170.160003662109,175,169.509994506836,174.779998779297,115541600,171.35481262207
2022-02-01,174.009994506836,174.839996337891,172.309997558594,174.610000610352,86213900,171.18815612793
2022-02-02,174.75,175.880004882812,173.330001831055,175.839996337891,84914300,172.39404296875
2022-02-03,174.479995727539,176.240005493164,172.119995117188,172.899993896484,89418100,169.511672973633
2022-02-04,171.679992675781,174.100006103516,170.679992675781,172.389999389648,82465400,169.226974487305
2022-02-07,172.860000610352,173.949996948242,170.949996948242,171.660003662109,77251200,168.510406494141
2022-02-08,171.729995727539,175.350006103516,171.429992675781,174.830001831055,74829200,171.62223815918
2022-02-09,176.050003051758,176.649993896484,174.899993896484,176.279998779297,71285000,173.045623779297
2022-02-10,174.139999389648,175.479995727539,171.550003051758,172.119995117188,90865900,168.961944580078
2022-02-11,172.330001831055,173.080001831055,168.039993286133,168.639999389648,98670700,165.545776367188
2022-02-14,167.369995117188,169.580001831055,166.559997558594,168.880004882812,86185500,165.781387329102
2022-02-15,170.970001220703,172.949996948242,170.25,172.789993286133,62527400,169.619644165039
2022-02-16,171.850006103516,173.339996337891,170.050003051758,172.550003051758,61177400,169.384048461914
2022-02-17,171.029998779297,171.910003662109,168.470001220703,168.880004882812,69589300,165.781387329102
2022-02-18,169.820007324219,170.539993286133,166.190002441406,167.300003051758,82772700,164.230392456055
2022-02-22,164.979995727539,166.690002441406,162.149993896484,164.320007324219,91162800,161.305068969727
2022-02-23,165.539993286133,166.149993896484,159.75,160.070007324219,90009200,157.133071899414
2022-02-24,152.580001831055,162.850006103516,152,162.740005493164,141147500,159.754089355469
2022-02-25,163.839996337891,165.119995117188,160.869995117188,164.850006103516,91974200,161.825332641602
2022-02-28,163.059997558594,165.419998168945,162.429992675781,165.119995117188,95056600,162.090347290039
2022-03-01,164.699996948242,166.600006103516,161.970001220703,163.199996948242,83474400,160.205612182617
2022-03-02,164.389999389648,167.360000610352,162.949996948242,166.559997558594,79724800,163.503952026367
2022-03-03,168.470001220703,168.910003662109,165.550003051758,166.229995727539,76678400,163.180023193359
2022-03-04,164.490005493164,165.550003051758,162.100006103516,163.169998168945,83737200,160.176132202148
2022-03-07,163.360000610352,165.020004272461,159.039993286133,159.300003051758,96418800,156.377182006836
2022-03-08,158.820007324219,162.880004882812,155.800003051758,157.440002441406,131148300,154.551315307617
2022-03-09,161.479995727539,163.410003662109,159.410003662109,162.949996948242,91454900,159.960189819336
2022-03-10,160.199996948242,160.389999389648,155.979995727539,158.520004272461,105342000,155.611450195312
2022-03-11,158.929992675781,159.279998779297,154.5,154.729995727539,96970100,151.890991210938
2022-03-14,151.449996948242,154.119995117188,150.100006103516,150.619995117188,108732100,147.8564453125
2022-03-15,150.899993896484,155.570007324219,150.380004882812,155.089996337891,92964300,152.244415283203
2022-03-16,157.050003051758,160,154.460006713867,159.589996337891,102300200,156.661849975586
2022-03-17,158.610000610352,161,157.630004882812,160.619995117188,75615400,157.672912597656
2022-03-18,160.509994506836,164.479995727539,159.759994506836,163.979995727539,123511700,160.971313476562
2022-03-21,163.509994506836,166.350006103516,163.009994506836,165.380004882812,95811400,162.345626831055
2022-03-22,165.509994506836,169.419998168945,164.910003662109,168.820007324219,81532000,165.72248840332
2022-03-23,167.990005493164,172.639999389648,167.649993896484,170.210006713867,98062700,167.087020874023
2022-03-24,171.059997558594,174.139999389648,170.210006713867,174.070007324219,90131400,170.876174926758
2022-03-25,173.880004882812,175.279998779297,172.75,174.720001220703,80546200,171.514221191406
2022-03-28,172.169998168945,175.729995727539,172,175.600006103516,90371900,172.37809753418
2022-03-29,176.690002441406,179.009994506836,176.339996337891,178.960006713867,100589400,175.676452636719
2022-03-30,178.550003051758,179.610000610352,176.699996948242,177.770004272461,92633200,174.508285522461
2022-03-31,177.839996337891,178.029998779297,174.399993896484,174.610000610352,103049300,171.406265258789
2022-04-01,174.029998779297,174.880004882812,171.940002441406,174.309997558594,78751300,171.111770629883
2022-04-04,174.570007324219,178.490005493164,174.440002441406,178.440002441406,76468400,175.165985107422
2022-04-05,177.5,178.300003051758,174.419998168945,175.059997558594,73401800,171.848007202148
2022-04-06,172.360000610352,173.630004882812,170.130004882812,171.830001831055,89058800,168.677276611328
2022-04-07,171.160003662109,173.360000610352,169.850006103516,172.139999389648,77594700,168.981552124023
2022-04-08,171.779998779297,171.779998779297,169.199996948242,170.089996337891,76575500,166.969146728516
2022-04-11,168.710006713867,169.029998779297,165.5,165.75,72246700,162.708831787109
2022-04-12,168.020004272461,169.869995117188,166.639999389648,167.660003662109,79265200,164.583786010742
2022-04-13,167.389999389648,171.039993286133,166.770004272461,170.399993896484,70618900,167.273483276367
2022-04-14,170.619995117188,171.270004272461,165.039993286133,165.289993286133,75329400,162.257263183594
2022-04-18,163.919998168945,166.600006103516,163.570007324219,165.070007324219,69023900,162.041305541992
2022-04-19,165.020004272461,167.820007324219,163.910003662109,167.399993896484,67723800,164.328567504883
2022-04-20,168.759994506836,168.880004882812,166.100006103516,167.229995727539,67929800,164.161651611328
2022-04-21,168.910003662109,171.529998779297,165.910003662109,166.419998168945,87227800,163.366516113281
2022-04-22,166.460006713867,167.869995117188,161.5,161.789993286133,84882400,158.821472167969
2022-04-25,161.119995117188,163.169998168945,158.460006713867,162.880004882812,96046400,159.891464233398
2022-04-26,162.25,162.339996337891,156.720001220703,156.800003051758,95623200,153.923034667969
2022-04-27,155.910003662109,159.789993286133,155.380004882812,156.570007324219,88063200,153.697235107422
2022-04-28,159.25,164.520004272461,158.929992675781,163.639999389648,130216800,160.637557983398
2022-04-29,161.839996337891,166.199996948242,157.25,157.649993896484,131747600,154.757431030273
2022-05-02,156.710006713867,158.229995727539,153.270004272461,157.960006713867,123055300,155.061782836914
2022-05-03,158.149993896484,160.710006713867,156.320007324219,159.479995727539,88966500,156.553863525391
2022-05-04,159.669998168945,166.479995727539,159.259994506836,166.020004272461,108256500,162.973861694336
2022-05-05,163.850006103516,164.080001831055,154.949996948242,156.770004272461,130525300,153.893585205078
2022-05-06,156.009994506836,159.440002441406,154.179992675781,157.279998779297,116124600,154.621078491211
2022-05-09,154.929992675781,155.830001831055,151.490005493164,152.059997558594,131577900,149.489303588867
2022-05-10,155.520004272461,156.740005493164,152.929992675781,154.509994506836,115366700,151.897918701172
2022-05-11,153.5,155.449996948242,145.809997558594,146.5,142689800,144.023284912109
2022-05-12,142.770004272461,146.199996948242,138.800003051758,142.559997558594,182602000,140.149932861328
2022-05-13,144.589996337891,148.100006103516,143.110000610352,147.110000610352,113990900,144.623016357422
2022-05-16,145.550003051758,147.520004272461,144.179992675781,145.539993286133,86643800,143.079544067383
2022-05-17,148.860000610352,149.770004272461,146.679992675781,149.240005493164,78336300,146.717010498047
2022-05-18,146.850006103516,147.360000610352,139.899993896484,140.820007324219,109742900,138.439331054688
2022-05-19,139.880004882812,141.660003662109,136.600006103516,137.350006103516,136095600,135.02799987793
2022-05-20,139.089996337891,140.699996948242,132.610000610352,137.589996337891,137426100,135.263961791992
2022-05-23,137.789993286133,143.259994506836,137.649993896484,143.110000610352,117726300,140.690643310547
2022-05-24,140.809997558594,141.970001220703,137.330001831055,140.360000610352,104132700,137.987121582031
2022-05-25,138.429992675781,141.789993286133,138.339996337891,140.520004272461,92482700,138.144393920898
2022-05-26,137.389999389648,144.339996337891,137.139999389648,143.779998779297,90601500,141.349319458008
2022-05-27,145.389999389648,149.679992675781,145.259994506836,149.639999389648,90978500,147.110244750977
2022-05-31,149.070007324219,150.660003662109,146.839996337891,148.839996337891,103718400,146.323760986328
2022-06-01,149.899993896484,151.740005493164,147.679992675781,148.710006713867,74286600,146.19596862793
2022-06-02,147.830001831055,151.270004272461,146.860000610352,151.210006713867,72348100,148.653701782227
2022-06-03,146.899993896484,147.970001220703,144.460006713867,145.380004882812,88570300,142.922256469727
2022-06-06,147.029998779297,148.570007324219,144.899993896484,146.139999389648,71598400,143.669387817383
2022-06-07,144.350006103516,149,144.100006103516,148.710006713867,67808200,146.19596862793
2022-06-08,148.580001831055,149.869995117188,147.460006713867,147.960006713867,53950200,145.458648681641
2022-06-09,147.080001831055,147.949996948242,142.529998779297,142.639999389648,69473000,140.228546142578
2022-06-10,140.279998779297,140.759994506836,137.059997558594,137.130004882812,91437900,134.811737060547
2022-06-13,132.869995117188,135.199996948242,131.440002441406,131.880004882812,122207100,129.650497436523
2022-06-14,133.130004882812,133.889999389648,131.479995727539,132.759994506836,84784300,130.515579223633
2022-06-15,134.289993286133,137.339996337891,132.160003662109,135.429992675781,91533000,133.14045715332
2022-06-16,132.080001831055,132.389999389648,129.039993286133,130.059997558594,108123900,127.861274719238
2022-06-17,130.070007324219,133.080001831055,129.809997558594,131.559997558594,134520300,129.335891723633
2022-06-21,133.419998168945,137.059997558594,133.320007324219,135.869995117188,81000500,133.573028564453
2022-06-22,134.789993286133,137.759994506836,133.910003662109,135.350006103516,73409200,133.06184387207
2022-06-23,136.820007324219,138.589996337891,135.630004882812,138.270004272461,72433800,135.93244934082
2022-06-24,139.899993896484,141.910003662109,139.770004272461,141.660003662109,89116800,139.265167236328
2022-06-27,142.699996948242,143.490005493164,140.970001220703,141.660003662109,70207900,139.265167236328
2022-06-28,142.130004882812,143.419998168945,137.320007324219,137.440002441406,67083400,135.116500854492
2022-06-29,137.460006713867,140.669998168945,136.669998168945,139.229995727539,66242400,136.876205444336
2022-06-30,137.25,138.369995117188,133.770004272461,136.720001220703,98964500,134.408645629883
2022-07-01,136.039993286133,139.039993286133,135.660003662109,138.929992675781,71051600,136.581298828125
2022-07-05,137.770004272461,141.610000610352,136.929992675781,141.559997558594,73353800,139.166870117188
2022-07-06,141.350006103516,144.119995117188,141.080001831055,142.919998168945,74064300,140.503814697266
2022-07-07,143.289993286133,146.550003051758,143.279998779297,146.350006103516,66253700,143.875839233398
2022-07-08,145.259994506836,147.550003051758,145,147.039993286133,64547800,144.554214477539
2022-07-11,145.669998168945,146.639999389648,143.779998779297,144.869995117188,63141600,142.420837402344
2022-07-12,145.759994506836,148.449996948242,145.050003051758,145.860000610352,77588800,143.394134521484
2022-07-13,142.990005493164,146.449996948242,142.119995117188,145.490005493164,71185600,143.030395507812
2022-07-14,144.080001831055,148.949996948242,143.25,148.470001220703,78140700,145.960006713867
2022-07-15,149.779998779297,150.860000610352,148.199996948242,150.169998168945,76259900,147.631256103516
2022-07-18,150.740005493164,151.570007324219,146.699996948242,147.070007324219,81420900,144.583679199219
2022-07-19,147.919998168945,151.229995727539,146.910003662109,151,82982400,148.447235107422
2022-07-20,151.119995117188,153.720001220703,150.369995117188,153.039993286133,64823400,150.452743530273
2022-07-21,154.5,155.570007324219,151.940002441406,155.350006103516,65086600,152.723709106445
2022-07-22,155.389999389648,156.279998779297,153.410003662109,154.089996337891,66675400,151.484970092773
2022-07-25,154.009994506836,155.039993286133,152.279998779297,152.949996948242,53623900,150.364288330078
2022-07-26,152.259994506836,153.089996337891,150.800003051758,151.600006103516,55138700,149.037094116211
2022-07-27,152.580001831055,157.330001831055,152.160003662109,156.789993286133,78620700,154.139343261719
2022-07-28,156.979995727539,157.639999389648,154.410003662109,157.350006103516,81378700,154.689910888672
2022-07-29,161.240005493164,163.630004882812,159.5,162.509994506836,101786900,159.762664794922
2022-08-01,161.009994506836,163.589996337891,160.889999389648,161.509994506836,67829400,158.779556274414
2022-08-02,160.100006103516,162.410003662109,159.630004882812,160.009994506836,59907000,157.304916381836
2022-08-03,160.839996337891,166.589996337891,160.75,166.130004882812,82507500,163.321472167969
2022-08-04,166.009994506836,167.190002441406,164.429992675781,165.809997558594,55474100,163.006851196289
2022-08-05,163.210006713867,165.850006103516,163,165.350006103516,56697000,162.780456542969
2022-08-08,166.369995117188,167.809997558594,164.199996948242,164.869995117188,60276900,162.307891845703
2022-08-09,164.020004272461,165.820007324219,163.25,164.919998168945,63135500,162.357131958008
2022-08-10,167.679992675781,169.339996337891,166.899993896484,169.240005493164,70170500,166.609985351562
2022-08-11,170.059997558594,170.990005493164,168.190002441406,168.490005493164,57149200,165.871643066406
2022-08-12,169.820007324219,172.169998168945,169.399993896484,172.100006103516,68039400,169.425552368164
2022-08-15,171.520004272461,173.389999389648,171.350006103516,173.190002441406,54091700,170.498596191406
2022-08-16,172.779998779297,173.710006713867,171.660003662109,173.029998779297,56377100,170.341079711914
2022-08-17,172.770004272461,176.149993896484,172.570007324219,174.550003051758,79542000,171.837478637695
2022-08-18,173.75,174.899993896484,173.119995117188,174.149993896484,62290100,171.44367980957
2022-08-19,173.029998779297,173.740005493164,171.309997558594,171.520004272461,70346300,168.854568481445
2022-08-22,169.690002441406,169.860000610352,167.139999389648,167.570007324219,69026800,164.965942382812
2022-08-23,167.080001831055,168.710006713867,166.649993896484,167.229995727539,54147100,164.631210327148
2022-08-24,167.320007324219,168.110000610352,166.25,167.529998779297,53841500,164.926574707031
2022-08-25,168.779998779297,170.139999389648,168.350006103516,170.029998779297,51218200,167.387741088867
2022-08-26,170.570007324219,171.050003051758,163.559997558594,163.619995117188,78961000,161.077331542969
2022-08-29,161.149993896484,162.899993896484,159.820007324219,161.380004882812,73314000,158.872131347656
2022-08-30,162.130004882812,162.559997558594,157.720001220703,158.910003662109,77906200,156.440521240234
2022-08-31,160.309997558594,160.580001831055,157.139999389648,157.220001220703,87991100,154.776794433594
2022-09-01,156.639999389648,158.419998168945,154.669998168945,157.960006713867,74229900,155.505279541016
2022-09-02,159.75,160.360000610352,154.970001220703,155.809997558594,76957800,153.388702392578
2022-09-06,156.470001220703,157.089996337891,153.690002441406,154.529998779297,73714800,152.128555297852
2022-09-07,154.820007324219,156.669998168945,153.610000610352,155.960006713867,87449600,153.536376953125
2022-09-08,154.639999389648,156.360000610352,152.679992675781,154.460006713867,84923800,152.059661865234
2022-09-09,155.470001220703,157.820007324219,154.75,157.369995117188,68028800,154.924438476562
2022-09-12,159.589996337891,164.259994506836,159.300003051758,163.429992675781,104956000,160.890274047852
2022-09-13,159.899993896484,160.539993286133,153.369995117188,153.839996337891,122656600,151.449310302734
2022-09-14,154.789993286133,157.100006103516,153.610000610352,155.309997558594,87965400,152.896469116211
2022-09-15,154.649993896484,155.240005493164,151.380004882812,152.369995117188,90481100,150.002151489258
2022-09-16,151.210006713867,151.350006103516,148.369995117188,150.699996948242,162278800,148.358093261719
2022-09-19,149.309997558594,154.559997558594,149.100006103516,154.479995727539,81474200,152.079345703125
2022-09-20,153.399993896484,158.080001831055,153.080001831055,156.899993896484,107689800,154.46174621582
2022-09-21,157.339996337891,158.740005493164,153.600006103516,153.720001220703,101696800,151.331176757812
2022-09-22,152.380004882812,154.470001220703,150.910003662109,152.740005493164,86652500,150.366394042969
2022-09-23,151.190002441406,151.470001220703,148.559997558594,150.429992675781,96029900,148.092269897461
2022-09-26,149.660003662109,153.770004272461,149.639999389648,150.770004272461,93339400,148.426986694336
2022-09-27,152.740005493164,154.720001220703,149.949996948242,151.759994506836,84442700,149.401611328125
2022-09-28,147.639999389648,150.639999389648,144.839996337891,149.839996337891,146691400,147.511459350586
2022-09-29,146.100006103516,146.720001220703,140.679992675781,142.479995727539,128138200,140.265823364258
2022-09-30,141.279998779297,143.100006103516,138,138.199996948242,124925300,136.052352905273
2022-10-03,138.210006713867,143.070007324219,137.690002441406,142.449996948242,114311700,140.236312866211
2022-10-04,145.029998779297,146.220001220703,144.259994506836,146.100006103516,87830100,143.82958984375
2022-10-05,144.070007324219,147.380004882812,143.009994506836,146.399993896484,79471000,144.124923706055
2022-10-06,145.809997558594,147.539993286133,145.220001220703,145.429992675781,68402200,143.169998168945
2022-10-07,142.539993286133,143.100006103516,139.449996948242,140.089996337891,85925600,137.912979125977
2022-10-10,140.419998168945,141.889999389648,138.570007324219,140.419998168945,74899000,138.237854003906
2022-10-11,139.899993896484,141.350006103516,138.220001220703,138.979995727539,77033700,136.820220947266
2022-10-12,139.130004882812,140.360000610352,138.160003662109,138.339996337891,70433700,136.190185546875
2022-10-13,134.990005493164,143.589996337891,134.369995117188,142.990005493164,113224000,140.767929077148
2022-10-14,144.309997558594,144.520004272461,138.190002441406,138.380004882812,88598000,136.229553222656
2022-10-17,141.070007324219,142.899993896484,140.270004272461,142.410003662109,85250900,140.196899414062
2022-10-18,145.490005493164,146.699996948242,140.610000610352,143.75,99136600,141.516098022461
2022-10-19,141.690002441406,144.949996948242,141.5,143.860000610352,61758300,141.624404907227
2022-10-20,143.020004272461,145.889999389648,142.649993896484,143.389999389648,64522000,141.161682128906
2022-10-21,142.869995117188,147.850006103516,142.649993896484,147.270004272461,86548600,144.981430053711
2022-10-24,147.190002441406,150.229995727539,146,149.449996948242,75981900,147.127517700195
2022-10-25,150.089996337891,152.490005493164,149.360000610352,152.339996337891,74732300,149.972610473633
2022-10-26,150.960006713867,151.990005493164,148.039993286133,149.350006103516,88194300,147.029083251953
2022-10-27,148.070007324219,149.050003051758,144.130004882812,144.800003051758,109180200,142.549758911133
2022-10-28,148.199996948242,157.5,147.820007324219,155.740005493164,164762400,153.319793701172
2022-10-31,153.160003662109,154.240005493164,151.919998168945,153.339996337891,97943200,150.957092285156
2022-11-01,155.080001831055,155.449996948242,149.130004882812,150.649993896484,80379300,148.308853149414
2022-11-02,148.949996948242,152.169998168945,145,145.029998779297,93604600,142.776214599609
2022-11-03,142.059997558594,142.800003051758,138.75,138.880004882812,97918500,136.721771240234
2022-11-04,142.089996337891,142.669998168945,134.380004882812,138.380004882812,140814800,136.455535888672
2022-11-07,137.110000610352,139.149993896484,135.669998168945,138.919998168945,83374600,136.988021850586
2022-11-08,140.410003662109,141.429992675781,137.490005493164,139.5,89908500,137.559967041016
2022-11-09,138.5,138.550003051758,134.589996337891,134.869995117188,74917800,132.994354248047
2022-11-10,141.240005493164,146.869995117188,139.5,146.869995117188,118854000,144.827453613281
2022-11-11,145.820007324219,150.009994506836,144.369995117188,149.699996948242,93979700,147.618087768555
2022-11-14,148.970001220703,150.279998779297,147.429992675781,148.279998779297,73374100,146.217880249023
2022-11-15,152.220001220703,153.589996337891,148.559997558594,150.039993286133,89868300,147.953369140625
2022-11-16,149.130004882812,149.869995117188,147.289993286133,148.789993286133,64218300,146.720748901367
2022-11-17,146.429992675781,151.479995727539,146.149993896484,150.720001220703,80389400,148.623916625977
2022-11-18,152.309997558594,152.699996948242,149.970001220703,151.289993286133,74829600,149.186004638672
2022-11-21,150.160003662109,150.369995117188,147.720001220703,148.009994506836,58724100,145.951614379883
2022-11-22,148.130004882812,150.419998168945,146.929992675781,150.179992675781,51804100,148.091430664062
2022-11-23,149.449996948242,151.830001831055,149.339996337891,151.070007324219,58301400,148.969085693359
2022-11-25,148.309997558594,148.880004882812,147.119995117188,148.110000610352,35195900,146.050231933594
2022-11-28,145.139999389648,146.639999389648,143.380004882812,144.220001220703,69246000,142.214309692383
2022-11-29,144.289993286133,144.809997558594,140.350006103516,141.169998168945,83763800,139.20671081543
2022-11-30,141.399993896484,148.720001220703,140.550003051758,148.029998779297,111380900,145.971343994141
2022-12-01,148.210006713867,149.130004882812,146.610000610352,148.309997558594,71250400,146.247467041016
2022-12-02,145.960006713867,148,145.649993896484,147.809997558594,65447400,145.75439453125
2022-12-05,147.770004272461,150.919998168945,145.770004272461,146.630004882812,68826400,144.590805053711
2022-12-06,147.070007324219,147.300003051758,141.919998168945,142.910003662109,64727200,140.922561645508
2022-12-07,142.190002441406,143.369995117188,140,140.940002441406,69721100,138.979949951172
2022-12-08,142.360000610352,143.520004272461,141.100006103516,142.649993896484,62128300,140.666152954102
2022-12-09,142.339996337891,145.570007324219,140.899993896484,142.160003662109,76097000,140.182968139648
2022-12-12,142.699996948242,144.5,141.059997558594,144.490005493164,70462700,142.480575561523
2022-12-13,149.5,149.970001220703,144.240005493164,145.470001220703,93886200,143.446960449219
2022-12-14,145.350006103516,146.660003662109,141.160003662109,143.210006713867,82291200,141.218353271484
2022-12-15,141.110000610352,141.800003051758,136.029998779297,136.5,98931900,134.601699829102
2022-12-16,136.690002441406,137.649993896484,133.729995727539,134.509994506836,160156900,132.639358520508
2022-12-19,135.110000610352,135.199996948242,131.320007324219,132.369995117188,79592600,130.529113769531
2022-12-20,131.389999389648,133.25,129.889999389648,132.300003051758,77432800,130.460098266602
2022-12-21,132.979995727539,136.809997558594,132.75,135.449996948242,85928000,133.566268920898
2022-12-22,134.350006103516,134.559997558594,130.300003051758,132.229995727539,77852100,130.391067504883
2022-12-23,130.919998168945,132.419998168945,129.639999389648,131.860000610352,63814900,130.026229858398
2022-12-27,131.380004882812,131.410003662109,128.720001220703,130.029998779297,69007800,128.221649169922
2022-12-28,129.669998168945,131.029998779297,125.870002746582,126.040000915527,85438400,124.287162780762
2022-12-29,127.98999786377,130.479995727539,127.730003356934,129.610000610352,75703700,127.807502746582
2022-12-30,128.410003662109,129.949996948242,127.430000305176,129.929992675781,77034200,128.123062133789
2023-01-03,130.279998779297,130.899993896484,124.169998168945,125.069999694824,112117500,123.330635070801
2023-01-04,126.889999389648,128.660003662109,125.080001831055,126.360000610352,89113600,124.60270690918
2023-01-05,127.129997253418,127.769996643066,124.76000213623,125.019996643066,80962700,123.281341552734
2023-01-06,126.01000213623,130.289993286133,124.889999389648,129.619995117188,87754700,127.817375183105
2023-01-09,130.470001220703,133.410003662109,129.889999389648,130.149993896484,70790800,128.339996337891
2023-01-10,130.259994506836,131.259994506836,128.119995117188,130.729995727539,63896200,128.911911010742
2023-01-11,131.25,133.509994506836,130.460006713867,133.490005493164,69458900,131.633590698242
2023-01-12,133.880004882812,134.259994506836,131.440002441406,133.410003662109,71379600,131.554672241211
2023-01-13,132.029998779297,134.919998168945,131.660003662109,134.759994506836,57809700,132.885864257812
2023-01-17,134.830001831055,137.289993286133,134.130004882812,135.940002441406,63646600,134.049499511719
2023-01-18,136.820007324219,138.610000610352,135.029998779297,135.210006713867,69672800,133.329650878906
2023-01-19,134.080001831055,136.25,133.770004272461,135.270004272461,58280400,133.388793945312
2023-01-20,135.279998779297,138.020004272461,134.220001220703,137.869995117188,80223600,135.95263671875
2023-01-23,138.119995117188,143.320007324219,137.899993896484,141.110000610352,81760300,139.147567749023
2023-01-24,140.309997558594,143.160003662109,140.300003051758,142.529998779297,66435100,140.547836303711
2023-01-25,140.889999389648,142.429992675781,138.809997558594,141.860000610352,65799300,139.887145996094
2023-01-26,143.169998168945,144.25,141.899993896484,143.960006713867,54105100,141.957962036133
2023-01-27,143.160003662109,147.229995727539,143.080001831055,145.929992675781,70555800,143.900543212891
2023-01-30,144.960006713867,145.550003051758,142.850006103516,143,64015300,141.011306762695
2023-01-31,142.699996948242,144.339996337891,142.279998779297,144.289993286133,65874500,142.283340454102
2023-02-01,143.970001220703,146.610000610352,141.320007324219,145.429992675781,77663600,143.407485961914
2023-02-02,148.899993896484,151.179992675781,148.169998168945,150.820007324219,118339000,148.722534179688
2023-02-03,148.029998779297,157.380004882812,147.830001831055,154.5,154357300,152.351364135742
2023-02-06,152.570007324219,153.100006103516,150.779998779297,151.729995727539,69858300,149.619873046875
2023-02-07,150.639999389648,155.229995727539,150.639999389648,154.649993896484,83322600,152.499267578125
2023-02-08,153.880004882812,154.580001831055,151.169998168945,151.919998168945,64120100,149.807220458984
2023-02-09,153.779998779297,154.330001831055,150.419998168945,150.869995117188,56007100,148.771835327148
2023-02-10,149.460006713867,151.339996337891,149.220001220703,151.009994506836,57450700,149.137252807617
2023-02-13,150.949996948242,154.259994506836,150.919998168945,153.850006103516,62199000,151.942047119141
2023-02-14,152.119995117188,153.770004272461,150.860000610352,153.199996948242,61707600,151.300094604492
2023-02-15,153.110000610352,155.5,152.880004882812,155.330001831055,65573800,153.403686523438
2023-02-16,153.509994506836,156.330001831055,153.350006103516,153.710006713867,68167900,151.803787231445
2023-02-17,152.350006103516,153,150.850006103516,152.550003051758,59144100,150.658172607422
2023-02-21,150.199996948242,151.300003051758,148.410003662109,148.479995727539,58867200,146.638610839844
2023-02-22,148.869995117188,149.949996948242,147.160003662109,148.910003662109,51011300,147.063323974609
2023-02-23,150.089996337891,150.339996337891,147.240005493164,149.399993896484,48394200,147.547241210938
2023-02-24,147.110000610352,147.190002441406,145.720001220703,146.710006713867,55469600,144.890625
2023-02-27,147.710006713867,149.169998168945,147.449996948242,147.919998168945,44998500,146.085586547852
2023-02-28,147.050003051758,149.080001831055,146.830001831055,147.410003662109,50547000,145.581878662109
2023-03-01,146.830001831055,147.229995727539,145.009994506836,145.309997558594,55479000,143.507949829102
2023-03-02,144.380004882812,146.710006713867,143.899993896484,145.910003662109,52238100,144.100509643555
2023-03-03,148.039993286133,151.110000610352,147.330001831055,151.029998779297,70732300,149.157012939453
2023-03-06,153.789993286133,156.300003051758,153.460006713867,153.830001831055,87558000,151.922302246094
2023-03-07,153.699996948242,154.029998779297,151.130004882812,151.600006103516,56182000,149.719970703125
2023-03-08,152.809997558594,153.470001220703,151.830001831055,152.869995117188,47204800,150.974182128906
2023-03-09,153.559997558594,154.539993286133,150.229995727539,150.589996337891,53833600,148.722473144531
2023-03-10,150.210006713867,150.940002441406,147.610000610352,148.5,68572400,146.658401489258
2023-03-13,147.809997558594,153.139999389648,147.699996948242,150.470001220703,84457100,148.603958129883
2023-03-14,151.279998779297,153.399993896484,150.100006103516,152.589996337891,73695900,150.697677612305
2023-03-15,151.190002441406,153.25,149.919998168945,152.990005493164,77167900,151.092697143555
2023-03-16,152.160003662109,156.460006713867,151.639999389648,155.850006103516,76161100,153.917236328125
2023-03-17,156.080001831055,156.740005493164,154.279998779297,155,98944600,153.077789306641
2023-03-20,155.070007324219,157.820007324219,154.149993896484,157.399993896484,73641400,155.447998046875
2023-03-21,157.320007324219,159.399993896484,156.539993286133,159.279998779297,73938300,157.304718017578
2023-03-22,159.300003051758,162.139999389648,157.809997558594,157.830001831055,75701800,155.872680664062
2023-03-23,158.830001831055,161.550003051758,157.679992675781,158.929992675781,67622100,156.959045410156
2023-03-24,158.860000610352,160.339996337891,157.850006103516,160.25,59196500,158.262710571289
2023-03-27,159.940002441406,160.770004272461,157.869995117188,158.279998779297,52390300,156.317108154297
2023-03-28,157.970001220703,158.490005493164,155.979995727539,157.649993896484,45992200,155.694900512695
2023-03-29,159.369995117188,161.050003051758,159.350006103516,160.770004272461,51305700,158.776214599609
2023-03-30,161.529998779297,162.470001220703,161.270004272461,162.360000610352,49501700,160.34651184082
2023-03-31,162.440002441406,165,161.910003662109,164.899993896484,68749800,162.854995727539
2023-04-03,164.270004272461,166.289993286133,164.220001220703,166.169998168945,56976200,164.109252929688
2023-04-04,166.600006103516,166.839996337891,165.110000610352,165.630004882812,46278300,163.575958251953
2023-04-05,164.740005493164,165.050003051758,161.800003051758,163.759994506836,51511700,161.729095458984
2023-04-06,162.429992675781,164.960006713867,162,164.660003662109,45390100,162.617980957031
2023-04-10,161.419998168945,162.029998779297,160.080001831055,162.029998779297,47716900,160.020599365234
2023-04-11,162.350006103516,162.360000610352,160.509994506836,160.800003051758,47644200,158.80583190918
2023-04-12,161.220001220703,162.059997558594,159.779998779297,160.100006103516,50133100,158.114532470703
2023-04-13,161.630004882812,165.800003051758,161.419998168945,165.559997558594,68445600,163.506805419922
2023-04-14,164.589996337891,166.320007324219,163.820007324219,165.210006713867,49386500,163.161163330078
2023-04-17,165.089996337891,165.389999389648,164.029998779297,165.229995727539,41516200,163.180908203125
2023-04-18,166.100006103516,167.410003662109,165.649993896484,166.470001220703,49923000,164.405548095703
2023-04-19,165.800003051758,168.160003662109,165.539993286133,167.630004882812,47720200,165.551147460938
2023-04-20,166.089996337891,167.869995117188,165.559997558594,166.649993896484,52456400,164.583312988281
2023-04-21,165.050003051758,166.449996948242,164.490005493164,165.020004272461,58337300,162.973526000977
2023-04-24,165,165.600006103516,163.889999389648,165.330001831055,41949600,163.279678344727
2023-04-25,165.190002441406,166.309997558594,163.729995727539,163.770004272461,48714100,161.739044189453
2023-04-26,163.059997558594,165.279998779297,162.800003051758,163.759994506836,45498800,161.729095458984
2023-04-27,165.190002441406,168.559997558594,165.190002441406,168.410003662109,64902300,166.321472167969
2023-04-28,168.490005493164,169.850006103516,167.880004882812,169.679992675781,55275900,167.575714111328
2023-05-01,169.279998779297,170.449996948242,168.639999389648,169.589996337891,52472900,167.486862182617
2023-05-02,170.089996337891,170.350006103516,167.539993286133,168.539993286133,48425700,166.449859619141
2023-05-03,169.5,170.919998168945,167.160003662109,167.449996948242,65136000,165.373382568359
2023-05-04,164.889999389648,167.039993286133,164.309997558594,165.789993286133,81235400,163.733947753906
2023-05-05,170.979995727539,174.300003051758,170.759994506836,173.570007324219,113453200,171.41748046875
2023-05-08,172.479995727539,173.850006103516,172.110000610352,173.5,55962800,171.348358154297
2023-05-09,173.050003051758,173.539993286133,171.600006103516,171.770004272461,45326900,169.639801025391
2023-05-10,173.020004272461,174.029998779297,171.899993896484,173.559997558594,53724500,171.407623291016
2023-05-11,173.850006103516,174.589996337891,172.169998168945,173.75,49514700,171.595245361328
2023-05-12,173.619995117188,174.059997558594,171,172.570007324219,45533100,170.665618896484
2023-05-15,173.160003662109,173.210006713867,171.470001220703,172.070007324219,37266700,170.171127319336
2023-05-16,171.990005493164,173.139999389648,171.800003051758,172.070007324219,42110300,170.171127319336
2023-05-17,171.710006713867,172.929992675781,170.419998168945,172.690002441406,57951600,170.784286499023
2023-05-18,173,175.240005493164,172.580001831055,175.050003051758,65496700,173.118240356445
2023-05-19,176.389999389648,176.389999389648,174.940002441406,175.160003662109,55809500,173.227020263672
2023-05-22,173.979995727539,174.710006713867,173.449996948242,174.199996948242,43570900,172.277633666992
2023-05-23,173.130004882812,173.380004882812,171.279998779297,171.559997558594,50747300,169.666763305664
2023-05-24,171.089996337891,172.419998168945,170.520004272461,171.839996337891,45143500,169.94367980957
2023-05-25,172.410003662109,173.899993896484,171.690002441406,172.990005493164,56058300,171.080963134766
2023-05-26,173.320007324219,175.770004272461,173.110000610352,175.429992675781,54835000,173.494049072266
2023-05-30,176.960006713867,178.990005493164,176.570007324219,177.300003051758,55964400,175.343444824219
2023-05-31,177.330001831055,179.350006103516,176.759994506836,177.25,99625300,175.293975830078
2023-06-01,177.699996948242,180.119995117188,176.929992675781,180.089996337891,68901800,178.102600097656
2023-06-02,181.029998779297,181.779998779297,179.259994506836,180.949996948242,61996900,178.953140258789
2023-06-05,182.630004882812,184.949996948242,178.039993286133,179.580001831055,121946500,177.598281860352
2023-06-06,179.970001220703,180.119995117188,177.429992675781,179.210006713867,64848400,177.232360839844
2023-06-07,178.440002441406,181.210006713867,177.320007324219,177.820007324219,61944600,175.857696533203
2023-06-08,177.899993896484,180.839996337891,177.460006713867,180.570007324219,50214900,178.577346801758
2023-06-09,181.5,182.229995727539,180.630004882812,180.960006713867,48900000,178.963027954102
2023-06-12,181.270004272461,183.889999389648,180.970001220703,183.789993286133,54274900,181.761795043945
2023-06-13,182.800003051758,184.149993896484,182.440002441406,183.309997558594,54929100,181.287094116211
2023-06-14,183.369995117188,184.389999389648,182.020004272461,183.949996948242,57462900,181.920028686523
2023-06-15,183.960006713867,186.520004272461,183.779998779297,186.009994506836,65433200,183.957305908203
2023-06-16,186.729995727539,186.990005493164,184.270004272461,184.919998168945,101256200,182.879318237305
2023-06-20,184.410003662109,186.100006103516,184.410003662109,185.009994506836,49799100,182.968338012695
2023-06-21,184.899993896484,185.410003662109,182.589996337891,183.960006713867,49515700,181.929946899414
2023-06-22,183.740005493164,187.050003051758,183.669998168945,187,51245300,184.936386108398
2023-06-23,185.550003051758,187.559997558594,185.009994506836,186.679992675781,53117000,184.619918823242
2023-06-26,186.830001831055,188.050003051758,185.229995727539,185.270004272461,48088700,183.225479125977
2023-06-27,185.889999389648,188.389999389648,185.669998168945,188.059997558594,50730800,185.984680175781
2023-06-28,187.929992675781,189.899993896484,187.600006103516,189.25,51216800,187.161544799805
2023-06-29,189.080001831055,190.070007324219,188.940002441406,189.589996337891,46347300,187.497802734375
2023-06-30,191.630004882812,194.479995727539,191.259994506836,193.970001220703,85213200,191.829452514648
2023-07-03,193.779998779297,193.880004882812,191.759994506836,192.460006713867,31458200,190.336120605469
2023-07-05,191.570007324219,192.979995727539,190.619995117188,191.330001831055,46920300,189.21858215332
2023-07-06,189.839996337891,192.020004272461,189.199996948242,191.809997558594,45094300,189.693283081055
2023-07-07,191.410003662109,192.669998168945,190.240005493164,190.679992675781,46815000,188.575759887695
2023-07-10,189.259994506836,189.990005493164,187.039993286133,188.610000610352,59922200,186.528610229492
2023-07-11,189.160003662109,189.300003051758,186.600006103516,188.080001831055,46638100,186.004470825195
2023-07-12,189.679992675781,191.699996948242,188.470001220703,189.770004272461,60750200,187.675827026367
2023-07-13,190.5,191.190002441406,189.779998779297,190.539993286133,41342300,188.437316894531
2023-07-14,190.229995727539,191.179992675781,189.630004882812,190.690002441406,41616200,188.585662841797
2023-07-17,191.899993896484,194.320007324219,191.809997558594,193.990005493164,50520200,191.849258422852
2023-07-18,193.350006103516,194.330001831055,192.419998168945,193.729995727539,48288200,191.59211730957
2023-07-19,193.100006103516,198.229995727539,192.649993896484,195.100006103516,80507300,192.946975708008
2023-07-20,195.089996337891,196.470001220703,192.5,193.130004882812,59581200,190.998748779297
2023-07-21,194.100006103516,194.970001220703,191.229995727539,191.940002441406,71951700,189.821899414062
2023-07-24,193.410003662109,194.910003662109,192.25,192.75,45377800,190.622909545898
2023-07-25,193.330001831055,194.440002441406,192.919998168945,193.619995117188,37283200,191.483306884766
2023-07-26,193.669998168945,195.639999389648,193.320007324219,194.5,47471900,192.353591918945
2023-07-27,196.020004272461,197.199996948242,192.550003051758,193.220001220703,47460200,191.08772277832
2023-07-28,194.669998168945,196.630004882812,194.139999389648,195.830001831055,48291400,193.668930053711
2023-07-31,196.059997558594,196.490005493164,195.259994506836,196.449996948242,38824100,194.282104492188
2023-08-01,196.240005493164,196.729995727539,195.279998779297,195.610000610352,35175100,193.451400756836
2023-08-02,195.039993286133,195.179992675781,191.850006103516,192.580001831055,50389300,190.454803466797
2023-08-03,191.570007324219,192.369995117188,190.690002441406,191.169998168945,61235200,189.06037902832
2023-08-04,185.520004272461,187.380004882812,181.919998168945,181.990005493164,115956800,179.981674194336
2023-08-07,182.130004882812,183.130004882812,177.350006103516,178.850006103516,97576100,176.876327514648
2023-08-08,179.690002441406,180.270004272461,177.580001831055,179.800003051758,67823000,177.815841674805
2023-08-09,180.869995117188,180.929992675781,177.009994506836,178.190002441406,60378500,176.223617553711
2023-08-10,179.479995727539,180.75,177.600006103516,177.970001220703,54686900,176.00602722168
2023-08-11,177.320007324219,178.619995117188,176.550003051758,177.789993286133,52036700,176.065444946289
2023-08-14,177.970001220703,179.690002441406,177.309997558594,179.460006713867,43675600,177.719253540039
2023-08-15,178.880004882812,179.479995727539,177.050003051758,177.449996948242,43622600,175.728759765625
2023-08-16,177.130004882812,178.539993286133,176.5,176.570007324219,46964900,174.857299804688
2023-08-17,177.139999389648,177.509994506836,173.479995727539,174,66062900,172.312225341797
2023-08-18,172.300003051758,175.100006103516,171.960006713867,174.490005493164,61172200,172.797470092773
2023-08-21,175.070007324219,176.130004882812,173.740005493164,175.839996337891,46311900,174.134368896484
2023-08-22,177.059997558594,177.679992675781,176.25,177.229995727539,42038900,175.510864257812
2023-08-23,178.520004272461,181.550003051758,178.330001831055,181.119995117188,52722800,179.363128662109
2023-08-24,180.669998168945,181.100006103516,176.009994506836,176.380004882812,54945800,174.669143676758
2023-08-25,177.380004882812,179.149993896484,175.820007324219,178.610000610352,51449600,176.877502441406
2023-08-28,180.089996337891,180.589996337891,178.550003051758,180.190002441406,43820700,178.442199707031
2023-08-29,179.699996948242,184.899993896484,179.5,184.119995117188,53003900,182.334045410156
2023-08-30,184.940002441406,187.850006103516,184.740005493164,187.649993896484,60813900,185.829803466797
2023-08-31,187.839996337891,189.119995117188,187.479995727539,187.869995117188,60794500,186.047653198242
2023-09-01,189.490005493164,189.919998168945,188.279998779297,189.460006713867,45766500,187.622253417969
2023-09-05,188.279998779297,189.979995727539,187.610000610352,189.699996948242,45280000,187.859909057617
2023-09-06,188.399993896484,188.850006103516,181.470001220703,182.910003662109,81755800,181.135787963867
2023-09-07,175.179992675781,178.210006713867,173.539993286133,177.559997558594,112488800,175.837677001953
2023-09-08,178.350006103516,180.240005493164,177.789993286133,178.179992675781,65551300,176.45166015625
2023-09-11,180.070007324219,180.300003051758,177.339996337891,179.360000610352,58953100,177.620208740234
2023-09-12,179.490005493164,180.130004882812,174.820007324219,176.300003051758,90370200,174.589904785156
2023-09-13,176.509994506836,177.300003051758,173.979995727539,174.210006713867,84267900,172.520202636719
2023-09-14,174,176.100006103516,173.580001831055,175.740005493164,60895800,174.035339355469
2023-09-15,176.479995727539,176.5,173.820007324219,175.009994506836,109259500,173.312393188477
2023-09-18,176.479995727539,179.380004882812,176.169998168945,177.970001220703,67257600,176.243698120117
2023-09-19,177.520004272461,179.630004882812,177.130004882812,179.070007324219,51826900,177.333038330078
2023-09-20,179.259994506836,179.699996948242,175.399993896484,175.490005493164,58436200,173.787780761719
2023-09-21,174.550003051758,176.300003051758,173.860000610352,173.929992675781,63149100,172.242904663086
2023-09-22,174.669998168945,177.080001831055,174.050003051758,174.789993286133,56725400,173.094543457031
2023-09-25,174.199996948242,176.970001220703,174.149993896484,176.080001831055,46172700,174.372024536133
2023-09-26,174.820007324219,175.199996948242,171.660003662109,171.960006713867,64588900,170.292007446289
2023-09-27,172.619995117188,173.039993286133,169.050003051758,170.429992675781,66921800,168.776840209961
2023-09-28,169.339996337891,172.029998779297,167.619995117188,170.690002441406,56294400,169.034332275391
2023-09-29,172.020004272461,173.070007324219,170.339996337891,171.210006713867,51861100,169.549270629883
2023-10-02,171.220001220703,174.300003051758,170.929992675781,173.75,52164500,172.06462097168
2023-10-03,172.259994506836,173.630004882812,170.820007324219,172.399993896484,49594600,170.727722167969
2023-10-04,171.089996337891,174.210006713867,170.970001220703,173.660003662109,53020300,171.975509643555
2023-10-05,173.789993286133,175.449996948242,172.679992675781,174.910003662109,48527900,173.213363647461
2023-10-06,173.800003051758,177.990005493164,173.179992675781,177.490005493164,57266700,175.768371582031
2023-10-09,176.809997558594,179.050003051758,175.800003051758,178.990005493164,42390800,177.253799438477
2023-10-10,178.100006103516,179.720001220703,177.949996948242,178.389999389648,43698000,176.659652709961
2023-10-11,178.199996948242,179.850006103516,177.600006103516,179.800003051758,47551100,178.055953979492
2023-10-12,180.070007324219,182.339996337891,179.039993286133,180.710006713867,56743100,178.957122802734
2023-10-13,181.419998168945,181.929992675781,178.139999389648,178.850006103516,51427100,177.115188598633
2023-10-16,176.75,179.080001831055,176.509994506836,178.720001220703,52517000,176.986419677734
2023-10-17,176.649993896484,178.419998168945,174.800003051758,177.149993896484,57549400,175.431625366211
2023-10-18,175.580001831055,177.580001831055,175.110000610352,175.839996337891,54764400,174.134368896484
2023-10-19,176.039993286133,177.839996337891,175.190002441406,175.460006713867,59302900,173.758041381836
2023-10-20,175.309997558594,175.419998168945,172.639999389648,172.880004882812,64244000,171.203079223633
2023-10-23,170.910003662109,174.009994506836,169.929992675781,173,55980100,171.321929931641
2023-10-24,173.050003051758,173.669998168945,171.449996948242,173.440002441406,43816600,171.757659912109
2023-10-25,171.880004882812,173.059997558594,170.649993896484,171.100006103516,57157000,169.440353393555
2023-10-26,170.369995117188,171.380004882812,165.669998168945,166.889999389648,70625300,165.271179199219
2023-10-27,166.910003662109,168.960006713867,166.830001831055,168.220001220703,58499100,166.588272094727
2023-10-30,169.020004272461,171.169998168945,168.869995117188,170.289993286133,51131000,168.63818359375
2023-10-31,169.350006103516,170.899993896484,167.899993896484,170.770004272461,44846000,169.113555908203
2023-11-01,171,174.229995727539,170.119995117188,173.970001220703,56934900,172.282516479492
2023-11-02,175.520004272461,177.779998779297,175.460006713867,177.570007324219,77334800,175.847579956055
2023-11-03,174.240005493164,176.820007324219,173.350006103516,176.649993896484,79829200,174.936508178711
2023-11-06,176.380004882812,179.429992675781,176.210006713867,179.229995727539,63841300,177.491470336914
2023-11-07,179.179992675781,182.440002441406,178.970001220703,181.820007324219,70530000,180.056350708008
2023-11-08,182.350006103516,183.449996948242,181.589996337891,182.889999389648,49340300,181.115966796875
2023-11-09,182.960006713867,184.119995117188,181.809997558594,182.410003662109,53763500,180.640640258789
2023-11-10,183.970001220703,186.570007324219,183.529998779297,186.399993896484,66133400,184.835098266602
2023-11-13,185.820007324219,186.029998779297,184.210006713867,184.800003051758,43627500,183.248550415039
2023-11-14,187.699996948242,188.110000610352,186.300003051758,187.440002441406,60108400,185.866394042969
2023-11-15,187.850006103516,189.5,187.779998779297,188.009994506836,53790500,186.431610107422
2023-11-16,189.570007324219,190.960006713867,188.649993896484,189.710006713867,54412900,188.11735534668
2023-11-17,190.25,190.380004882812,188.570007324219,189.690002441406,50922700,188.09748840332
2023-11-20,189.889999389648,191.910003662109,189.880004882812,191.449996948242,46505100,189.842712402344
2023-11-21,191.410003662109,191.520004272461,189.740005493164,190.639999389648,38134500,189.039520263672
2023-11-22,191.490005493164,192.929992675781,190.830001831055,191.309997558594,39617700,189.703887939453
2023-11-24,190.869995117188,190.899993896484,189.25,189.970001220703,24048300,188.375137329102
2023-11-27,189.919998168945,190.669998168945,188.899993896484,189.789993286133,40552600,188.196640014648
2023-11-28,189.779998779297,191.080001831055,189.399993896484,190.399993896484,38415400,188.801513671875
2023-11-29,190.899993896484,192.089996337891,188.970001220703,189.369995117188,43014200,187.780181884766
2023-11-30,189.839996337891,190.320007324219,188.190002441406,189.949996948242,48794400,188.355331420898
2023-12-01,190.330001831055,191.559997558594,189.229995727539,191.240005493164,45704800,189.634490966797
2023-12-04,189.979995727539,190.050003051758,187.449996948242,189.429992675781,43389500,187.83967590332
2023-12-05,190.210006713867,194.399993896484,190.179992675781,193.419998168945,66628400,191.796188354492
2023-12-06,194.449996948242,194.759994506836,192.110000610352,192.320007324219,41089700,190.705429077148
2023-12-07,193.630004882812,195,193.589996337891,194.270004272461,47477700,192.639053344727
2023-12-08,194.199996948242,195.990005493164,193.669998168945,195.710006713867,53406400,194.066970825195
2023-12-11,193.110000610352,193.490005493164,191.419998168945,193.179992675781,60943700,191.558197021484
2023-12-12,193.080001831055,194.720001220703,191.720001220703,194.710006713867,52696900,193.075378417969
2023-12-13,195.089996337891,198,194.850006103516,197.960006713867,70404200,196.298080444336
2023-12-14,198.020004272461,199.619995117188,196.160003662109,198.110000610352,66831600,196.446823120117
2023-12-15,197.529998779297,198.399993896484,197,197.570007324219,128538400,195.911376953125
2023-12-18,196.089996337891,196.630004882812,194.389999389648,195.889999389648,55751900,194.24543762207
2023-12-19,196.160003662109,196.949996948242,195.889999389648,196.940002441406,40714100,195.286651611328
2023-12-20,196.899993896484,197.679992675781,194.830001831055,194.830001831055,52242800,193.194366455078
2023-12-21,196.100006103516,197.080001831055,193.5,194.679992675781,46482500,193.045593261719
2023-12-22,195.179992675781,195.410003662109,192.970001220703,193.600006103516,37149600,191.974670410156
2023-12-26,193.610000610352,193.889999389648,192.830001831055,193.050003051758,28919300,191.429321289062
2023-12-27,192.490005493164,193.5,191.089996337891,193.149993896484,48087700,191.528457641602
2023-12-28,194.139999389648,194.660003662109,193.169998168945,193.580001831055,34049900,191.954864501953
2023-12-29,193.899993896484,194.399993896484,191.729995727539,192.529998779297,42672100,190.913650512695
2024-01-02,187.149993896484,188.440002441406,183.889999389648,185.639999389648,82488700,184.081512451172
2024-01-03,184.220001220703,185.880004882812,183.429992675781,184.25,58414500,182.703186035156
2024-01-04,182.149993896484,183.089996337891,180.880004882812,181.910003662109,71983600,180.382843017578
2024-01-05,181.990005493164,182.759994506836,180.169998168945,181.179992675781,62379700,179.658920288086
2024-01-08,182.089996337891,185.600006103516,181.5,185.559997558594,59144500,184.002166748047
2024-01-09,183.919998168945,185.149993896484,182.729995727539,185.139999389648,42841800,183.585693359375
2024-01-10,184.350006103516,186.399993896484,183.919998168945,186.190002441406,46792900,184.626892089844
2024-01-11,186.539993286133,187.050003051758,183.619995117188,185.589996337891,49128400,184.031890869141
2024-01-12,186.059997558594,186.740005493164,185.190002441406,185.919998168945,40477800,184.359146118164
2024-01-16,182.160003662109,184.259994506836,180.929992675781,183.630004882812,65603000,182.08837890625
2024-01-17,181.270004272461,182.929992675781,180.300003051758,182.679992675781,47317400,181.146347045898
2024-01-18,186.089996337891,189.139999389648,185.830001831055,188.630004882812,78005800,187.046417236328
2024-01-19,189.330001831055,191.949996948242,188.820007324219,191.559997558594,68903000,189.951797485352
2024-01-22,192.300003051758,195.330001831055,192.259994506836,193.889999389648,60133900,192.262237548828
2024-01-23,195.020004272461,195.75,193.830001831055,195.179992675781,42355600,193.541412353516
2024-01-24,195.419998168945,196.380004882812,194.339996337891,194.5,53631300,192.867111206055
2024-01-25,195.220001220703,196.270004272461,193.110000610352,194.169998168945,54822100,192.53987121582
2024-01-26,194.270004272461,194.759994506836,191.940002441406,192.419998168945,44594000,190.804580688477
2024-01-29,192.009994506836,192.199996948242,189.580001831055,191.729995727539,47145600,190.120361328125
2024-01-30,190.940002441406,191.800003051758,187.470001220703,188.039993286133,55859400,186.461364746094
2024-01-31,187.039993286133,187.100006103516,184.350006103516,184.399993896484,55467800,182.851913452148
2024-02-01,183.990005493164,186.949996948242,183.820007324219,186.860000610352,64885400,185.291275024414
2024-02-02,179.860000610352,187.330001831055,179.25,185.850006103516,102551700,184.289749145508
2024-02-05,188.149993896484,189.25,185.839996337891,187.679992675781,69668800,186.104370117188
2024-02-06,186.860000610352,189.309997558594,186.770004272461,189.300003051758,43490800,187.710784912109
2024-02-07,190.639999389648,191.050003051758,188.610000610352,189.410003662109,53439000,187.819854736328
2024-02-08,189.389999389648,189.539993286133,187.350006103516,188.320007324219,40962000,186.738998413086
2024-02-09,188.649993896484,189.990005493164,188,188.850006103516,45155200,187.503524780273
2024-02-12,188.419998168945,188.669998168945,186.789993286133,187.149993896484,41781900,185.815643310547
2024-02-13,185.770004272461,186.210006713867,183.509994506836,185.039993286133,56529500,183.720657348633
2024-02-14,185.320007324219,185.529998779297,182.440002441406,184.149993896484,54630500,182.837005615234
2024-02-15,183.550003051758,184.490005493164,181.350006103516,183.860000610352,65434500,182.549087524414
2024-02-16,183.419998168945,184.850006103516,181.669998168945,182.309997558594,49752500,181.010116577148
2024-02-20,181.789993286133,182.429992675781,180,181.559997558594,53665600,180.265472412109
2024-02-21,181.940002441406,182.889999389648,180.660003662109,182.320007324219,41371400,181.020080566406
2024-02-22,183.479995727539,184.960006713867,182.460006713867,184.369995117188,52292200,183.055465698242
2024-02-23,185.009994506836,185.039993286133,182.229995727539,182.520004272461,45119700,181.218627929688
2024-02-26,182.240005493164,182.759994506836,180.649993896484,181.160003662109,40867400,179.868347167969
2024-02-27,181.100006103516,183.919998168945,179.559997558594,182.630004882812,54318900,181.327850341797
2024-02-28,182.509994506836,183.119995117188,180.130004882812,181.419998168945,48953900,180.126480102539
2024-02-29,181.270004272461,182.570007324219,179.529998779297,180.75,136682600,179.461242675781
2024-03-01,179.550003051758,180.529998779297,177.380004882812,179.660003662109,73563100,178.379058837891
2024-03-04,176.149993896484,176.899993896484,173.789993286133,175.100006103516,81510100,173.851531982422
2024-03-05,170.759994506836,172.039993286133,169.619995117188,170.119995117188,95132400,168.90705871582
2024-03-06,171.059997558594,171.240005493164,168.679992675781,169.119995117188,68587700,167.914169311523
2024-03-07,169.149993896484,170.729995727539,168.490005493164,169,71765100,167.795043945312
2024-03-08,169,173.699996948242,168.940002441406,170.729995727539,76267000,169.5126953125
2024-03-11,172.940002441406,174.380004882812,172.050003051758,172.75,60139500,171.518310546875
2024-03-12,173.149993896484,174.029998779297,171.009994506836,173.229995727539,59825400,171.994857788086
2024-03-13,172.770004272461,173.190002441406,170.759994506836,171.130004882812,52488700,169.909851074219
2024-03-14,172.910003662109,174.309997558594,172.050003051758,173,72913500,171.766525268555
2024-03-15,171.169998168945,172.619995117188,170.289993286133,172.619995117188,121752700,171.389236450195
2024-03-18,175.570007324219,177.710006713867,173.520004272461,173.720001220703,75604200,172.481384277344
2024-03-19,174.339996337891,176.610000610352,173.029998779297,176.080001831055,55215200,174.82453918457
2024-03-20,175.720001220703,178.669998168945,175.089996337891,178.669998168945,53423100,177.396087646484
2024-03-21,177.050003051758,177.490005493164,170.839996337891,171.369995117188,106181300,170.148147583008
2024-03-22,171.759994506836,173.050003051758,170.059997558594,172.279998779297,71160100,171.051666259766
2024-03-25,170.570007324219,171.940002441406,169.449996948242,170.850006103516,54288300,169.631851196289
2024-03-26,170,171.419998168945,169.580001831055,169.710006713867,57388400,168.499984741211
2024-03-27,170.410003662109,173.600006103516,170.110000610352,173.309997558594,60273300,172.074325561523
2024-03-28,171.75,172.229995727539,170.509994506836,171.479995727539,65672700,170.257354736328
2024-04-01,171.190002441406,171.25,169.479995727539,170.029998779297,46240500,168.817687988281
2024-04-02,169.080001831055,169.339996337891,168.229995727539,168.839996337891,49329500,167.636169433594
2024-04-03,168.789993286133,170.679992675781,168.580001831055,169.649993896484,47691700,168.440399169922
2024-04-04,170.289993286133,171.919998168945,168.820007324219,168.820007324219,53704400,167.616333007812
2024-04-05,169.589996337891,170.389999389648,168.949996948242,169.580001831055,42104800,168.370910644531
2024-04-08,169.029998779297,169.199996948242,168.240005493164,168.449996948242,37425500,167.248947143555
2024-04-09,168.699996948242,170.080001831055,168.350006103516,169.669998168945,42373800,168.460250854492
2024-04-10,168.800003051758,169.089996337891,167.110000610352,167.779998779297,49709300,166.583724975586
2024-04-11,168.339996337891,175.460006713867,168.160003662109,175.039993286133,91070300,173.791976928711
2024-04-12,174.259994506836,178.360000610352,174.210006713867,176.550003051758,101670900,175.291198730469
2024-04-15,175.360000610352,176.630004882812,172.5,172.690002441406,73531800,171.458709716797
2024-04-16,171.75,173.759994506836,168.270004272461,169.380004882812,73711200,168.172348022461
2024-04-17,169.610000610352,170.649993896484,168,168,50901200,166.802185058594
2024-04-18,168.029998779297,168.639999389648,166.550003051758,167.039993286133,43122900,165.849014282227
2024-04-19,166.210006713867,166.399993896484,164.080001831055,165,68149400,163.82356262207
2024-04-22,165.520004272461,167.259994506836,164.770004272461,165.839996337891,48116400,164.65754699707
2024-04-23,165.350006103516,167.050003051758,164.919998168945,166.899993896484,49537800,165.710006713867
2024-04-24,166.539993286133,169.300003051758,166.210006713867,169.020004272461,48251800,167.814895629883
2024-04-25,169.529998779297,170.610000610352,168.149993896484,169.889999389648,50558300,168.678695678711
2024-04-26,169.880004882812,171.339996337891,169.179992675781,169.300003051758,44838400,168.092910766602
2024-04-29,173.369995117188,176.029998779297,173.100006103516,173.5,68169400,172.262954711914
2024-04-30,173.330001831055,174.990005493164,170,170.330001831055,65934800,169.115570068359
2024-05-01,169.580001831055,172.710006713867,169.110000610352,169.300003051758,50383100,168.092910766602
2024-05-02,172.509994506836,173.419998168945,170.889999389648,173.029998779297,94214900,171.796310424805
2024-05-03,186.649993896484,187,182.660003662109,183.380004882812,163224100,182.072509765625
2024-05-06,182.350006103516,184.199996948242,180.419998168945,181.710006713867,78569700,180.414413452148
2024-05-07,183.449996948242,184.899993896484,181.320007324219,182.399993896484,77305800,181.099502563477
2024-05-08,182.850006103516,183.070007324219,181.449996948242,182.740005493164,45057100,181.437057495117
2024-05-09,182.559997558594,184.660003662109,182.110000610352,184.570007324219,48983000,183.254043579102
2024-05-10,184.899993896484,185.089996337891,182.130004882812,183.050003051758,50759500,181.99137878418
2024-05-13,185.440002441406,187.100006103516,184.619995117188,186.279998779297,72044800,185.202667236328
2024-05-14,187.509994506836,188.300003051758,186.289993286133,187.429992675781,52393600,186.346038818359
2024-05-15,187.910003662109,190.649993896484,187.369995117188,189.720001220703,70400000,188.622802734375
2024-05-16,190.470001220703,191.100006103516,189.660003662109,189.839996337891,52845200,188.742111206055
2024-05-17,189.509994506836,190.809997558594,189.179992675781,189.869995117188,41282900,188.771926879883
2024-05-20,189.330001831055,191.919998168945,189.009994506836,191.039993286133,44361300,189.935165405273
2024-05-21,191.089996337891,192.729995727539,190.919998168945,192.350006103516,42309400,191.237594604492
2024-05-22,192.270004272461,192.820007324219,190.270004272461,190.899993896484,34648500,189.795959472656
2024-05-23,190.979995727539,191,186.630004882812,186.880004882812,51005900,185.799224853516
2024-05-24,188.820007324219,190.580001831055,188.039993286133,189.979995727539,36327000,188.881301879883
2024-05-28,191.509994506836,193,189.100006103516,189.990005493164,52280100,188.891235351562
2024-05-29,189.610000610352,192.25,189.509994506836,190.289993286133,53068000,189.189498901367
2024-05-30,190.759994506836,192.179992675781,190.630004882812,191.289993286133,49889100,190.183731079102
2024-05-31,191.440002441406,192.570007324219,189.910003662109,192.25,75158300,191.138168334961
2024-06-03,192.899993896484,194.990005493164,192.520004272461,194.029998779297,50080500,192.90788269043
2024-06-04,194.639999389648,195.320007324219,193.029998779297,194.350006103516,47471400,193.226013183594
2024-06-05,195.399993896484,196.899993896484,194.869995117188,195.869995117188,54156800,194.737228393555
2024-06-06,195.690002441406,196.5,194.169998168945,194.479995727539,41181800,193.355285644531
2024-06-07,194.649993896484,196.940002441406,194.139999389648,196.889999389648,53103900,195.751327514648
2024-06-10,196.899993896484,197.300003051758,192.149993896484,193.119995117188,97010200,192.003112792969
2024-06-11,193.649993896484,207.160003662109,193.630004882812,207.149993896484,172373300,205.951995849609
2024-06-12,207.369995117188,220.199996948242,206.899993896484,213.070007324219,198134300,211.837783813477
2024-06-13,214.740005493164,216.75,211.600006103516,214.240005493164,97862700,213.001007080078
2024-06-14,213.850006103516,215.169998168945,211.300003051758,212.490005493164,70122700,211.261108398438
2024-06-17,213.369995117188,218.949996948242,212.720001220703,216.669998168945,93728300,215.416946411133
2024-06-18,217.589996337891,218.630004882812,213,214.289993286133,79943300,213.050689697266
2024-06-20,213.929992675781,214.240005493164,208.850006103516,209.679992675781,86172500,208.467361450195
2024-06-21,210.389999389648,211.889999389648,207.110000610352,207.490005493164,241805100,206.2900390625
2024-06-24,207.720001220703,212.699996948242,206.589996337891,208.139999389648,80727000,206.936294555664
2024-06-25,209.149993896484,211.380004882812,208.610000610352,209.070007324219,55549700,207.860900878906
2024-06-26,211.5,214.860000610352,210.639999389648,213.25,66213200,212.016723632812
2024-06-27,214.690002441406,215.740005493164,212.350006103516,214.100006103516,49772700,212.861831665039
2024-06-28,215.770004272461,216.070007324219,210.300003051758,210.619995117188,82542700,209.401901245117
2024-07-01,212.089996337891,217.509994506836,211.919998168945,216.75,60402900,215.496475219727
2024-07-02,216.149993896484,220.380004882812,215.100006103516,220.270004272461,58046200,218.996124267578
2024-07-03,220,221.550003051758,219.029998779297,221.550003051758,37369800,220.26872253418
2024-07-05,221.649993896484,226.449996948242,221.649993896484,226.339996337891,60412400,225.031021118164
2024-07-08,227.089996337891,227.850006103516,223.25,227.820007324219,59085900,226.502456665039
2024-07-09,227.929992675781,229.399993896484,226.369995117188,228.679992675781,48076100,227.357482910156
2024-07-10,229.300003051758,233.080001831055,229.25,232.979995727539,62627700,231.632629394531
2024-07-11,231.389999389648,232.389999389648,225.770004272461,227.570007324219,64710600,226.253921508789
2024-07-12,228.919998168945,232.639999389648,228.679992675781,230.539993286133,53046500,229.20671081543
2024-07-15,236.479995727539,237.229995727539,233.089996337891,234.399993896484,62631300,233.044403076172
2024-07-16,235,236.270004272461,232.330001831055,234.820007324219,43234300,233.461975097656
2024-07-17,229.449996948242,231.460006713867,226.639999389648,228.880004882812,57345900,227.55632019043
2024-07-18,230.279998779297,230.440002441406,222.270004272461,224.179992675781,66034600,222.883529663086
2024-07-19,224.820007324219,226.800003051758,223.279998779297,224.309997558594,49151500,223.012741088867
2024-07-22,227.009994506836,227.779998779297,223.089996337891,223.960006713867,48201800,222.664779663086
2024-07-23,224.369995117188,226.940002441406,222.679992675781,225.009994506836,39960300,223.708709716797
2024-07-24,224,224.800003051758,217.130004882812,218.539993286133,61777600,217.276138305664
2024-07-25,218.929992675781,220.850006103516,214.619995117188,217.490005493164,51391200,216.232208251953
2024-07-26,218.699996948242,219.490005493164,216.009994506836,217.960006713867,41601300,216.699478149414
2024-07-29,216.960006713867,219.300003051758,215.75,218.240005493164,36311800,216.977874755859
2024-07-30,219.190002441406,220.330001831055,216.119995117188,218.800003051758,41643800,217.534622192383
2024-07-31,221.440002441406,223.820007324219,220.630004882812,222.080001831055,50036300,220.795654296875
2024-08-01,224.369995117188,224.479995727539,217.020004272461,218.360000610352,62501000,217.09716796875
2024-08-02,219.149993896484,225.600006103516,217.710006713867,219.860000610352,105568600,218.588500976562
2024-08-05,199.089996337891,213.5,196,209.270004272461,119548600,208.05973815918
2024-08-06,205.300003051758,209.990005493164,201.070007324219,207.229995727539,69660500,206.031539916992
2024-08-07,206.899993896484,213.639999389648,206.389999389648,209.820007324219,63516400,208.606567382812
2024-08-08,213.110000610352,214.199996948242,208.830001831055,213.309997558594,47161100,212.076354980469
2024-08-09,212.100006103516,216.779998779297,211.970001220703,216.240005493164,42201600,214.989456176758
2024-08-12,216.070007324219,219.509994506836,215.600006103516,217.529998779297,38028100,216.522308349609
2024-08-13,219.009994506836,221.889999389648,219.009994506836,221.270004272461,44155300,220.244979858398
2024-08-14,220.570007324219,223.029998779297,219.699996948242,221.720001220703,41960600,220.692886352539
2024-08-15,224.600006103516,225.350006103516,222.759994506836,224.720001220703,46414000,223.678985595703
2024-08-16,223.919998168945,226.830001831055,223.649993896484,226.050003051758,44340200,225.002838134766
2024-08-19,225.720001220703,225.990005493164,223.039993286133,225.889999389648,40687800,224.84358215332
2024-08-20,225.770004272461,227.169998168945,225.449996948242,226.509994506836,30299000,225.460708618164
2024-08-21,226.520004272461,227.979995727539,225.050003051758,226.399993896484,34765500,225.351196289062
2024-08-22,227.789993286133,228.339996337891,223.899993896484,224.529998779297,43695300,223.489868164062
2024-08-23,225.660003662109,228.220001220703,224.330001831055,226.839996337891,38677300,225.789169311523
2024-08-26,226.759994506836,227.279998779297,223.889999389648,227.179992675781,30602200,226.127578735352
2024-08-27,226,228.850006103516,224.889999389648,228.029998779297,35934600,226.973648071289
2024-08-28,227.919998168945,229.860000610352,225.679992675781,226.490005493164,38052200,225.440780639648
2024-08-29,230.100006103516,232.919998168945,228.880004882812,229.789993286133,51906300,228.725509643555
2024-08-30,230.190002441406,230.399993896484,227.479995727539,229,52990800,227.939178466797
2024-09-03,228.550003051758,229,221.169998168945,222.770004272461,50190600,221.738021850586
2024-09-04,221.660003662109,221.779998779297,217.479995727539,220.850006103516,43840200,219.826919555664
2024-09-05,221.630004882812,225.479995727539,221.520004272461,222.380004882812,36615400,221.349822998047
2024-09-06,223.949996948242,225.240005493164,219.770004272461,220.820007324219,48423000,219.797073364258
2024-09-09,220.820007324219,221.270004272461,216.710006713867,220.910003662109,67180000,219.886627197266
2024-09-10,218.919998168945,221.479995727539,216.729995727539,220.110000610352,51591000,219.090362548828
2024-09-11,221.460006713867,223.089996337891,217.889999389648,222.660003662109,44587100,221.628524780273
2024-09-12,222.5,223.550003051758,219.820007324219,222.770004272461,37455600,221.738021850586
2024-09-13,223.580001831055,224.039993286133,221.910003662109,222.5,36766600,221.469284057617
2024-09-16,216.539993286133,217.220001220703,213.919998168945,216.320007324219,59357400,215.317901611328
2024-09-17,215.75,216.899993896484,214.5,216.789993286133,45519300,215.785705566406
2024-09-18,217.550003051758,222.710006713867,217.539993286133,220.690002441406,59894900,219.667663574219
2024-09-19,224.990005493164,229.820007324219,224.630004882812,228.869995117188,66781300,227.809768676758
2024-09-20,229.970001220703,233.089996337891,227.619995117188,228.199996948242,318679900,227.142868041992
2024-09-23,227.339996337891,229.449996948242,225.809997558594,226.470001220703,54146000,225.420883178711
2024-09-24,228.649993896484,229.350006103516,225.729995727539,227.369995117188,43556100,226.316711425781
2024-09-25,224.929992675781,227.289993286133,224.020004272461,226.369995117188,42308700,225.321350097656
2024-09-26,227.300003051758,228.5,225.410003662109,227.520004272461,36636700,226.466018676758
2024-09-27,228.460006713867,229.520004272461,227.300003051758,227.789993286133,34026000,226.734756469727
2024-09-30,230.039993286133,233,229.649993896484,233,54541900,231.920639038086
2024-10-01,229.520004272461,229.649993896484,223.740005493164,226.210006713867,63285000,225.162094116211
2024-10-02,225.889999389648,227.369995117188,223.020004272461,226.779998779297,32880600,225.729461669922
2024-10-03,225.139999389648,226.809997558594,223.320007324219,225.669998168945,34044200,224.624588012695
2024-10-04,227.899993896484,228,224.130004882812,226.800003051758,37245100,225.749359130859
2024-10-07,224.5,225.690002441406,221.330001831055,221.690002441406,39505400,220.663040161133
2024-10-08,224.300003051758,225.979995727539,223.25,225.770004272461,31855700,224.724136352539
2024-10-09,225.229995727539,229.75,224.830001831055,229.539993286133,33591100,228.476669311523
2024-10-10,227.779998779297,229.5,227.169998168945,229.039993286133,28183500,227.978988647461
2024-10-11,229.300003051758,229.410003662109,227.339996337891,227.550003051758,31759200,226.495895385742
2024-10-14,228.699996948242,231.729995727539,228.600006103516,231.300003051758,39882100,230.228515625
2024-10-15,233.610000610352,237.490005493164,232.369995117188,233.850006103516,64751400,232.766693115234
2024-10-16,231.600006103516,232.119995117188,229.839996337891,231.779998779297,34082200,230.706283569336
2024-10-17,233.429992675781,233.850006103516,230.520004272461,232.149993896484,32993800,231.074569702148
2024-10-18,236.179992675781,236.179992675781,234.009994506836,235,46431500,233.911361694336
2024-10-21,234.449996948242,236.850006103516,234.449996948242,236.479995727539,36254500,235.384521484375
2024-10-22,233.889999389648,236.220001220703,232.600006103516,235.860000610352,38846600,234.767395019531
2024-10-23,234.080001831055,235.139999389648,227.759994506836,230.759994506836,52287000,229.691009521484
2024-10-24,229.979995727539,230.820007324219,228.410003662109,230.570007324219,31109500,229.501907348633
2024-10-25,229.740005493164,233.220001220703,229.570007324219,231.410003662109,38802300,230.337997436523
2024-10-28,233.320007324219,234.729995727539,232.550003051758,233.399993896484,36087100,232.318786621094
2024-10-29,233.100006103516,234.330001831055,232.320007324219,233.669998168945,35417200,232.587539672852
2024-10-30,232.610000610352,233.470001220703,229.550003051758,230.100006103516,47070900,229.034057617188
2024-10-31,229.339996337891,229.830001831055,225.369995117188,225.910003662109,64370100,224.863479614258
2024-11-01,220.970001220703,225.350006103516,220.270004272461,222.910003662109,65276700,221.877365112305
2024-11-04,220.990005493164,222.789993286133,219.710006713867,222.009994506836,44944500,220.981536865234
2024-11-05,221.800003051758,223.949996948242,221.139999389648,223.449996948242,28111300,222.41487121582
2024-11-06,222.610000610352,226.070007324219,221.190002441406,222.720001220703,54561100,221.688247680664
2024-11-07,224.630004882812,227.880004882812,224.570007324219,227.479995727539,42137700,226.426208496094
2024-11-08,227.169998168945,228.660003662109,226.410003662109,226.960006713867,38328800,226.157165527344
2024-11-11,225,225.699996948242,221.5,224.229995727539,42005600,223.436813354492
2024-11-12,224.550003051758,225.589996337891,223.360000610352,224.229995727539,40398300,223.436813354492
2024-11-13,224.009994506836,226.649993896484,222.759994506836,225.119995117188,48566200,224.323669433594
2024-11-14,225.020004272461,228.869995117188,225,228.220001220703,44923900,227.412719726562
2024-11-15,226.399993896484,226.919998168945,224.270004272461,225,47923700,224.204086303711
2024-11-18,225.25,229.740005493164,225.169998168945,228.020004272461,44633700,227.213409423828
2024-11-19,226.979995727539,230.160003662109,226.660003662109,228.279998779297,36211800,227.47248840332
2024-11-20,228.059997558594,229.929992675781,225.889999389648,229,35169600,228.18994140625
2024-11-21,228.880004882812,230.160003662109,225.710006713867,228.520004272461,42108300,227.711639404297
2024-11-22,228.059997558594,230.720001220703,228.059997558594,229.869995117188,38168300,229.056854248047
2024-11-25,231.460006713867,233.25,229.740005493164,232.869995117188,90152800,232.046249389648
2024-11-26,233.330001831055,235.570007324219,233.330001831055,235.059997558594,45986200,234.228500366211
2024-11-27,234.470001220703,235.690002441406,233.809997558594,234.929992675781,33498400,234.098968505859
2024-11-29,234.809997558594,237.809997558594,233.970001220703,237.330001831055,28481400,236.490478515625
2024-12-02,237.270004272461,240.789993286133,237.160003662109,239.589996337891,48137100,238.742477416992
2024-12-03,239.809997558594,242.759994506836,238.899993896484,242.649993896484,38861000,241.791656494141
2024-12-04,242.869995117188,244.110000610352,241.25,243.009994506836,44383900,242.150390625
2024-12-05,243.990005493164,244.539993286133,242.130004882812,243.039993286133,40033900,242.180267333984
2024-12-06,242.910003662109,244.630004882812,242.080001831055,242.839996337891,36870600,241.980972290039
2024-12-09,241.830001831055,247.240005493164,241.75,246.75,44649200,245.877151489258
2024-12-10,246.889999389648,248.210006713867,245.339996337891,247.770004272461,36914800,246.8935546875
2024-12-11,247.960006713867,250.800003051758,246.259994506836,246.490005493164,45205800,245.618072509766
2024-12-12,246.889999389648,248.740005493164,245.679992675781,247.960006713867,32777500,247.082885742188
2024-12-13,247.820007324219,249.289993286133,246.240005493164,248.130004882812,33155300,247.25227355957
2024-12-16,247.990005493164,251.380004882812,247.649993896484,251.039993286133,51694800,250.151962280273
2024-12-17,250.080001831055,253.830001831055,249.779998779297,253.479995727539,51356400,252.583343505859
2024-12-18,252.160003662109,254.279998779297,247.740005493164,248.050003051758,56774100,247.172561645508
2024-12-19,247.5,252,247.089996337891,249.789993286133,60882300,248.906402587891
2024-12-20,248.039993286133,255,245.690002441406,254.490005493164,147495300,253.589797973633
2024-12-23,254.770004272461,255.649993896484,253.449996948242,255.270004272461,40858800,254.367034912109
2024-12-24,255.490005493164,258.209991455078,255.289993286133,258.200012207031,23234700,257.286682128906
2024-12-26,258.190002441406,260.100006103516,257.630004882812,259.019989013672,27237100,258.103729248047
2024-12-27,257.829986572266,258.700012207031,253.059997558594,255.589996337891,42355300,254.685882568359
2024-12-30,252.229995727539,253.5,250.75,252.199996948242,35557500,251.307876586914
2024-12-31,252.440002441406,253.279998779297,249.429992675781,250.419998168945,39480700,249.5341796875
2025-01-02,248.929992675781,249.100006103516,241.820007324219,243.850006103516,55740700,242.987426757812
2025-01-03,243.360000610352,244.179992675781,241.889999389648,243.360000610352,40244100,242.499160766602
2025-01-06,244.309997558594,247.330001831055,243.199996948242,245,45045600,244.133346557617
2025-01-07,242.979995727539,245.550003051758,241.350006103516,242.210006713867,40856000,241.353225708008
2025-01-08,241.919998168945,243.710006713867,240.050003051758,242.699996948242,37628900,241.841461181641
2025-01-10,240.009994506836,240.160003662109,233,236.850006103516,61710900,236.012176513672
2025-01-13,233.529998779297,234.669998168945,229.720001220703,234.399993896484,49630700,233.570846557617
2025-01-14,234.75,236.119995117188,232.470001220703,233.279998779297,39435300,232.454803466797
2025-01-15,234.639999389648,238.960006713867,234.429992675781,237.869995117188,39832000,237.028549194336
2025-01-16,237.350006103516,238.009994506836,228.029998779297,228.259994506836,71759100,227.452560424805
2025-01-17,232.119995117188,232.289993286133,228.479995727539,229.979995727539,68488300,229.166473388672
2025-01-21,224,224.419998168945,219.380004882812,222.639999389648,98070400,221.852432250977
2025-01-22,219.789993286133,224.119995117188,219.789993286133,223.830001831055,64126500,223.038223266602
2025-01-23,224.740005493164,227.029998779297,222.300003051758,223.660003662109,60234800,222.868850708008
2025-01-24,224.779998779297,225.630004882812,221.410003662109,222.779998779297,54697900,221.991943359375
2025-01-27,224.020004272461,232.149993896484,223.979995727539,229.860000610352,94863400,229.046890258789
2025-01-28,230.850006103516,240.190002441406,230.809997558594,238.259994506836,75707600,237.417190551758
2025-01-29,234.119995117188,239.860000610352,234.009994506836,239.360000610352,45486100,238.513305664062
2025-01-30,238.669998168945,240.789993286133,237.210006713867,237.589996337891,55658300,236.749542236328
2025-01-31,247.190002441406,247.190002441406,233.440002441406,236,100959800,235.165191650391
2025-02-03,229.990005493164,231.830001831055,225.699996948242,228.009994506836,73063300,227.20344543457
2025-02-04,227.25,233.130004882812,226.649993896484,232.800003051758,45067300,231.976501464844
2025-02-05,228.529998779297,232.669998168945,228.270004272461,232.470001220703,39620300,231.647674560547
2025-02-06,231.289993286133,233.800003051758,230.429992675781,233.220001220703,29925300,232.39501953125
2025-02-07,232.600006103516,234,227.259994506836,227.630004882812,39707200,226.824783325195
2025-02-10,229.570007324219,230.589996337891,227.199996948242,227.649993896484,33115600,227.094116210938
2025-02-11,228.199996948242,235.229995727539,228.130004882812,232.619995117188,53718400,232.052001953125
2025-02-12,231.199996948242,236.960006713867,230.679992675781,236.869995117188,45243300,236.291610717773
2025-02-13,236.910003662109,242.339996337891,235.570007324219,241.529998779297,53614100,240.940246582031
2025-02-14,241.25,245.550003051758,240.990005493164,244.600006103516,40896200,244.002746582031
2025-02-18,244.149993896484,245.179992675781,241.839996337891,244.470001220703,48822500,243.873062133789
2025-02-19,244.660003662109,246.009994506836,243.160003662109,244.869995117188,32204200,244.272079467773
2025-02-20,244.940002441406,246.779998779297,244.289993286133,245.830001831055,32316900,245.229736328125
2025-02-21,245.949996948242,248.690002441406,245.220001220703,245.550003051758,53197400,244.950424194336
2025-02-24,244.929992675781,248.860000610352,244.419998168945,247.100006103516,51326400,246.496643066406
2025-02-25,248,250,244.910003662109,247.039993286133,48013300,246.436782836914
2025-02-26,244.330001831055,244.979995727539,239.130004882812,240.360000610352,44433600,239.773086547852
2025-02-27,239.410003662109,242.460006713867,237.059997558594,237.300003051758,41153600,236.720565795898
2025-02-28,236.949996948242,242.089996337891,230.199996948242,241.839996337891,56833400,241.249481201172
2025-03-03,241.789993286133,244.029998779297,236.110000610352,238.029998779297,47184000,237.448776245117
2025-03-04,237.710006713867,240.070007324219,234.679992675781,235.929992675781,53798100,235.353912353516
2025-03-05,235.419998168945,236.550003051758,229.229995727539,235.740005493164,47227600,235.16438293457
2025-03-06,234.440002441406,237.860000610352,233.160003662109,235.330001831055,45170400,234.755386352539
2025-03-07,235.110000610352,241.369995117188,234.759994506836,239.070007324219,46273600,238.486251831055
2025-03-10,235.539993286133,236.160003662109,224.220001220703,227.479995727539,72071200,226.924545288086
2025-03-11,223.809997558594,225.839996337891,217.449996948242,220.839996337891,76137400,220.300765991211
2025-03-12,220.139999389648,221.75,214.910003662109,216.979995727539,62547500,216.450180053711
2025-03-13,215.949996948242,216.839996337891,208.419998168945,209.679992675781,61368300,209.168014526367
2025-03-14,211.25,213.949996948242,209.580001831055,213.490005493164,60107600,212.968719482422
2025-03-17,213.309997558594,215.220001220703,209.970001220703,214,48073400,213.477462768555
2025-03-18,214.160003662109,215.149993896484,211.490005493164,212.690002441406,42432400,212.170654296875
2025-03-19,214.220001220703,218.759994506836,213.75,215.240005493164,54385400,214.714431762695
2025-03-20,213.990005493164,217.490005493164,212.220001220703,214.100006103516,48862900,213.577224731445
2025-03-21,211.559997558594,218.839996337891,211.279998779297,218.270004272461,94127800,217.737030029297
2025-03-24,221,221.479995727539,218.580001831055,220.729995727539,44299500,220.191024780273
2025-03-25,220.770004272461,224.100006103516,220.080001831055,223.75,34493600,223.203659057617
2025-03-26,223.509994506836,225.020004272461,220.470001220703,221.529998779297,34466100,220.989059448242
2025-03-27,221.389999389648,224.990005493164,220.559997558594,223.850006103516,37094800,223.303405761719
2025-03-28,221.669998168945,223.809997558594,217.679992675781,217.899993896484,39818600,217.367935180664
2025-03-31,217.009994506836,225.619995117188,216.229995727539,222.130004882812,65299300,221.587615966797
2025-04-01,219.809997558594,223.679992675781,218.899993896484,223.190002441406,36412700,222.64501953125
2025-04-02,221.320007324219,225.190002441406,221.020004272461,223.889999389648,35905900,223.343307495117
2025-04-03,205.539993286133,207.490005493164,201.25,203.190002441406,103419000,202.693862915039
2025-04-04,193.889999389648,199.880004882812,187.339996337891,188.380004882812,125910900,187.920028686523
2025-04-07,177.199996948242,194.149993896484,174.619995117188,181.460006713867,160466300,181.01692199707
2025-04-08,186.699996948242,190.339996337891,169.210006713867,172.419998168945,120859500,171.998992919922
2025-04-09,171.949996948242,200.610000610352,171.889999389648,198.850006103516,184395900,198.364456176758
2025-04-10,189.070007324219,194.779998779297,183,190.419998168945,121880000,189.955047607422
2025-04-11,186.100006103516,199.539993286133,186.059997558594,198.149993896484,87435900,197.666152954102
2025-04-14,211.440002441406,212.940002441406,201.160003662109,202.520004272461,101352900,202.025497436523
2025-04-15,201.860000610352,203.509994506836,199.800003051758,202.139999389648,51343900,201.646423339844
2025-04-16,198.360000610352,200.699996948242,192.369995117188,194.270004272461,59732400,193.795639038086
2025-04-17,197.199996948242,198.830001831055,194.419998168945,196.979995727539,52164700,196.4990234375
2025-04-21,193.270004272461,193.800003051758,189.809997558594,193.160003662109,46742500,192.688339233398
2025-04-22,196.119995117188,201.589996337891,195.970001220703,199.740005493164,52976400,199.252288818359
2025-04-23,206,208,202.800003051758,204.600006103516,52929200,204.100433349609
2025-04-24,204.889999389648,208.830001831055,202.940002441406,208.369995117188,47311000,207.861206054688
2025-04-25,206.369995117188,209.75,206.199996948242,209.279998779297,38222300,208.768981933594
2025-04-28,210,211.5,207.460006713867,210.139999389648,38743100,209.626892089844
2025-04-29,208.690002441406,212.240005493164,208.369995117188,211.210006713867,36827600,210.694274902344
2025-04-30,209.300003051758,213.580001831055,206.669998168945,212.5,52286500,211.98112487793
2025-05-01,209.080001831055,214.559997558594,208.899993896484,213.320007324219,57365700,212.799133300781
2025-05-02,206.089996337891,206.990005493164,202.160003662109,205.350006103516,101010600,204.848587036133
2025-05-05,203.100006103516,204.100006103516,198.210006713867,198.889999389648,69018500,198.404357910156
2025-05-06,198.210006713867,200.649993896484,197.020004272461,198.509994506836,51216500,198.025268554688
2025-05-07,199.169998168945,199.440002441406,193.25,196.25,68536700,195.770797729492
2025-05-08,197.720001220703,200.050003051758,194.679992675781,197.490005493164,50478900,197.007781982422
2025-05-09,199,200.539993286133,197.539993286133,198.529998779297,36453900,198.04524230957
2025-05-12,210.970001220703,211.270004272461,206.75,210.789993286133,63775800,210.551040649414
2025-05-13,210.429992675781,213.399993896484,209,212.929992675781,51909300,212.688613891602
2025-05-14,212.429992675781,213.940002441406,210.580001831055,212.330001831055,49325800,212.089294433594
2025-05-15,210.949996948242,212.960006713867,209.539993286133,211.449996948242,45029500,211.210296630859
2025-05-16,212.360000610352,212.570007324219,209.770004272461,211.259994506836,54737900,211.0205078125
2025-05-19,207.910003662109,209.479995727539,204.259994506836,208.779998779297,46140500,208.543319702148
2025-05-20,207.669998168945,208.470001220703,205.029998779297,206.860000610352,42496600,206.625503540039
2025-05-21,205.169998168945,207.039993286133,200.710006713867,202.089996337891,59211800,201.860900878906
2025-05-22,200.710006713867,202.75,199.699996948242,201.360000610352,46742400,201.131729125977
2025-05-23,193.669998168945,197.699996948242,193.460006713867,195.270004272461,78432900,195.048645019531
2025-05-27,198.300003051758,200.740005493164,197.429992675781,200.210006713867,56288500,199.983047485352
2025-05-28,200.589996337891,202.729995727539,199.899993896484,200.419998168945,45339700,200.192794799805
2025-05-29,203.580001831055,203.809997558594,198.509994506836,199.949996948242,51396800,199.723327636719
2025-05-30,199.369995117188,201.960006713867,196.779998779297,200.850006103516,70819900,200.622314453125
2025-06-02,200.279998779297,202.130004882812,200.119995117188,201.699996948242,35423300,201.471343994141
2025-06-03,201.350006103516,203.770004272461,200.960006713867,203.270004272461,46381600,203.039566040039
2025-06-04,202.910003662109,206.240005493164,202.100006103516,202.820007324219,43604000,202.590087890625
2025-06-05,203.5,204.75,200.149993896484,200.630004882812,55126100,200.402572631836
2025-06-06,203,205.699996948242,202.050003051758,203.919998168945,46607700,203.688827514648
2025-06-09,204.389999389648,206,200.020004272461,201.449996948242,72862600,201.221633911133
2025-06-10,200.600006103516,204.350006103516,200.570007324219,202.669998168945,54672600,202.440246582031
2025-06-11,203.5,204.5,198.410003662109,198.779998779297,60989900,198.554656982422
2025-06-12,199.080001831055,199.679992675781,197.360000610352,199.199996948242,43904600,198.974182128906
2025-06-13,199.729995727539,200.369995117188,195.699996948242,196.449996948242,51447300,196.227294921875
2025-06-16,197.300003051758,198.690002441406,196.559997558594,198.419998168945,43020700,198.195068359375
2025-06-17,197.199996948242,198.389999389648,195.210006713867,195.639999389648,38856200,195.418212890625
2025-06-18,195.940002441406,197.570007324219,195.070007324219,196.580001831055,45394700,196.357147216797
2025-06-20,198.240005493164,201.699996948242,196.860000610352,201,96813500,200.77214050293
2025-06-23,201.630004882812,202.300003051758,198.960006713867,201.5,55814300,201.271575927734
2025-06-24,202.589996337891,203.440002441406,200.199996948242,200.300003051758,54064000,200.072937011719
2025-06-25,201.449996948242,203.669998168945,200.619995117188,201.559997558594,39525700,201.331512451172
2025-06-26,201.429992675781,202.639999389648,199.460006713867,201,50799100,200.77214050293
2025-06-27,201.889999389648,203.220001220703,200,201.080001831055,73188600,200.85205078125
2025-06-30,202.009994506836,207.389999389648,199.259994506836,205.169998168945,91912800,204.937408447266
2025-07-01,206.669998168945,210.190002441406,206.139999389648,207.820007324219,78788900,207.584411621094
2025-07-02,208.910003662109,213.339996337891,208.139999389648,212.440002441406,67941800,212.199172973633
2025-07-03,212.149993896484,214.649993896484,211.809997558594,213.550003051758,34955800,213.307922363281
2025-07-07,212.679992675781,216.229995727539,208.800003051758,209.949996948242,50229000,209.711990356445
2025-07-08,210.100006103516,211.429992675781,208.449996948242,210.009994506836,42848900,209.771926879883
2025-07-09,209.529998779297,211.330001831055,207.220001220703,211.139999389648,48749400,210.900650024414
2025-07-10,210.509994506836,213.479995727539,210.029998779297,212.410003662109,44443600,212.169204711914
2025-07-11,210.570007324219,212.130004882812,209.860000610352,211.160003662109,39765800,210.920623779297
2025-07-14,209.929992675781,210.910003662109,207.539993286133,208.619995117188,38840100,208.383499145508
2025-07-15,209.220001220703,211.889999389648,208.919998168945,209.110000610352,42296300,208.872955322266
2025-07-16,210.300003051758,212.399993896484,208.639999389648,210.160003662109,47490500,209.921768188477
2025-07-17,210.570007324219,211.800003051758,209.589996337891,210.020004272461,48068100,209.781921386719
2025-07-18,210.869995117188,211.789993286133,209.699996948242,211.179992675781,48974600,210.94059753418
2025-07-21,212.100006103516,215.779998779297,211.630004882812,212.479995727539,51377400,212.239120483398
2025-07-22,213.139999389648,214.949996948242,212.229995727539,214.399993896484,46404100,214.156951904297
2025-07-23,215,215.149993896484,212.410003662109,214.149993896484,46989300,213.9072265625
2025-07-24,213.899993896484,215.690002441406,213.529998779297,213.759994506836,46022600,213.517669677734
2025-07-25,214.699996948242,215.240005493164,213.399993896484,213.880004882812,40268800,213.637542724609
2025-07-28,214.029998779297,214.850006103516,213.059997558594,214.050003051758,37858000,213.807357788086
2025-07-29,214.179992675781,214.809997558594,210.820007324219,211.270004272461,51411700,211.030502319336
2025-07-30,211.899993896484,212.389999389648,207.720001220703,209.050003051758,45512500,208.813018798828
2025-07-31,208.490005493164,209.839996337891,207.160003662109,207.570007324219,80698400,207.334701538086
2025-08-01,210.869995117188,213.580001831055,201.5,202.380004882812,104434500,202.150588989258
2025-08-04,204.509994506836,207.880004882812,201.679992675781,203.350006103516,75109300,203.119491577148
2025-08-05,203.399993896484,205.339996337891,202.160003662109,202.919998168945,44155100,202.689956665039
2025-08-06,205.630004882812,215.380004882812,205.589996337891,213.25,108483100,213.008255004883
2025-08-07,218.880004882812,220.850006103516,216.580001831055,220.029998779297,90224800,219.780563354492
2025-08-08,220.830001831055,231,219.25,229.350006103516,113854000,229.09001159668
2025-08-11,227.919998168945,229.559997558594,224.759994506836,227.179992675781,61806100,227.179992675781
2025-08-12,228.009994506836,230.800003051758,227.070007324219,229.649993896484,55626200,229.649993896484
2025-08-13,231.070007324219,235,230.429992675781,233.330001831055,69878500,233.330001831055
2025-08-14,234.059997558594,235.119995117188,230.850006103516,232.779998779297,51916300,232.779998779297
2025-08-15,234,234.279998779297,229.339996337891,231.589996337891,56038700,231.589996337891
2025-08-18,231.699996948242,233.119995117188,230.110000610352,230.889999389648,37476200,230.889999389648
2025-08-19,231.279998779297,232.869995117188,229.350006103516,230.559997558594,39402600,230.559997558594
2025-08-20,229.979995727539,230.470001220703,225.770004272461,226.009994506836,42263900,226.009994506836
2025-08-21,226.270004272461,226.520004272461,223.779998779297,224.899993896484,30621200,224.899993896484
2025-08-22,226.169998168945,229.089996337891,225.410003662109,227.759994506836,42477800,227.759994506836
2025-08-25,226.479995727539,229.300003051758,226.229995727539,227.160003662109,30983100,227.160003662109
2025-08-26,226.869995117188,229.490005493164,224.690002441406,229.309997558594,54575100,229.309997558594
2025-08-27,228.610000610352,230.899993896484,228.259994506836,230.490005493164,31259500,230.490005493164
2025-08-28,230.820007324219,233.410003662109,229.339996337891,232.559997558594,38074700,232.559997558594
2025-08-29,232.509994506836,233.380004882812,231.369995117188,232.139999389648,39418400,232.139999389648
2025-09-02,229.25,230.850006103516,226.970001220703,229.720001220703,44075600,229.720001220703
2025-09-03,237.210006713867,238.850006103516,234.360000610352,238.470001220703,66427800,238.470001220703
2025-09-04,238.449996948242,239.899993896484,236.740005493164,239.779998779297,47549400,239.779998779297
2025-09-05,240,241.320007324219,238.490005493164,239.690002441406,54870400,239.690002441406
2025-09-08,239.300003051758,240.149993896484,236.339996337891,237.880004882812,48999500,237.880004882812
2025-09-09,237,238.779998779297,233.360000610352,234.350006103516,66313900,234.350006103516
2025-09-10,232.190002441406,232.419998168945,225.949996948242,226.789993286133,83440800,226.789993286133
2025-09-11,226.880004882812,230.449996948242,226.649993896484,230.029998779297,50208600,230.029998779297
2025-09-12,229.220001220703,234.509994506836,229.020004272461,234.070007324219,55824200,234.070007324219
2025-09-15,237,238.190002441406,235.029998779297,236.699996948242,42699500,236.699996948242
2025-09-16,237.179992675781,241.220001220703,236.320007324219,238.149993896484,63421100,238.149993896484
2025-09-17,238.970001220703,240.100006103516,237.729995727539,238.990005493164,46508000,238.990005493164
2025-09-18,239.970001220703,241.199996948242,236.649993896484,237.880004882812,44249600,237.880004882812
2025-09-19,241.229995727539,246.300003051758,240.210006713867,245.5,163741300,245.5
2025-09-22,248.300003051758,256.640014648438,248.119995117188,256.079986572266,105517400,256.079986572266
2025-09-23,255.880004882812,257.339996337891,253.580001831055,254.429992675781,60275200,254.429992675781
2025-09-24,255.220001220703,255.740005493164,251.039993286133,252.309997558594,42303700,252.309997558594
2025-09-25,253.210006713867,257.170013427734,251.710006713867,256.869995117188,55202100,256.869995117188
2025-09-26,254.100006103516,257.600006103516,253.779998779297,255.460006713867,46076300,255.460006713867
2025-09-29,254.559997558594,255,253.009994506836,254.429992675781,40127700,254.429992675781
2025-09-30,254.860000610352,255.919998168945,253.110000610352,254.630004882812,37704300,254.630004882812
2025-10-01,255.039993286133,258.790008544922,254.929992675781,255.449996948242,48713900,255.449996948242
2025-10-02,256.579986572266,258.179992675781,254.149993896484,257.130004882812,42630200,257.130004882812
2025-10-03,254.669998168945,259.239990234375,253.949996948242,258.019989013672,49107000,258.019989013672
