"date","GOOGL.Open","GOOGL.High","GOOGL.Low","GOOGL.Close","GOOGL.Volume","GOOGL.Adjusted"
2022-01-03,145.054992675781,145.850997924805,143.712997436523,144.991500854492,28646000,143.998321533203
2022-01-04,145.39599609375,146.485000610352,143.716506958008,144.399505615234,28400000,143.410385131836
2022-01-05,144.419998168945,144.499496459961,137.688003540039,137.774993896484,54618000,136.831237792969
2022-01-06,136.998504638672,139.940002441406,136.558502197266,137.747497558594,37348000,136.803955078125
2022-01-07,138.145492553711,138.448501586914,135.766494750977,137.016998291016,29760000,136.07844543457
2022-01-10,135.078002929688,138.81950378418,133.164505004883,138.669494628906,44408000,137.719619750977
2022-01-11,138.00700378418,140.216003417969,136.692504882812,139.735992431641,28730000,138.778823852539
2022-01-12,141.149993896484,142.608001708984,140.69450378418,141.43049621582,26108000,140.461715698242
2022-01-13,141.539993286133,142.850006103516,138.408996582031,138.587005615234,31436000,137.637710571289
2022-01-14,137.078994750977,140.742004394531,136.998504638672,139.480499267578,29662000,138.525085449219
2022-01-18,136.175003051758,137.131500244141,135.438507080078,135.998001098633,34872000,135.066436767578
2022-01-19,136.523498535156,137.959503173828,135.015502929688,135.116500854492,28648000,134.190979003906
2022-01-20,136.25,137.626007080078,132.964492797852,133.307495117188,29908000,132.39436340332
2022-01-21,132.593505859375,134.865493774414,130.086502075195,130.351501464844,55652000,129.458633422852
2022-01-24,125.977996826172,131.203002929688,124.5,130.804000854492,76622000,129.908020019531
2022-01-25,128.740005493164,129.399002075195,126.500503540039,126.934997558594,46960000,126.06551361084
2022-01-26,131.119003295898,133,127.141998291016,129.233001708984,49130000,128.347778320312
2022-01-27,131.304000854492,132.652496337891,128.932495117188,129.005004882812,31950000,128.121337890625
2022-01-28,129.658996582031,133.356506347656,128.485000610352,133.350997924805,34362000,132.437561035156
2022-01-31,134.162002563477,135.473007202148,132.209503173828,135.303497314453,39986000,134.376693725586
2022-02-01,137.594497680664,137.792999267578,134.368499755859,137.643997192383,68644000,136.701156616211
2022-02-02,151.25,151.546493530273,145.522506713867,148,123200000,146.986221313477
2022-02-03,145.705505371094,149.675003051758,142.665496826172,143.089996337891,71518000,142.109848022461
2022-02-04,143.44450378418,144.875,140.514999389648,143.292999267578,57998000,142.311447143555
2022-02-07,144.25,144.25,138.899993896484,139.20100402832,54974000,138.247482299805
2022-02-08,139.026504516602,140,137.014007568359,139.399002075195,54284000,138.444152832031
2022-02-09,140.963500976562,142.524505615234,140.186996459961,141.591995239258,40144000,140.622116088867
2022-02-10,139.703506469727,141.484497070312,137.957000732422,138.619995117188,39330000,137.670455932617
2022-02-11,138.600006103516,139.156494140625,133.399993896484,134.282501220703,39958000,133.362686157227
2022-02-14,133.256500244141,136.300003051758,133.256500244141,135.526000976562,34302000,134.597671508789
2022-02-15,137.570495605469,138.108505249023,135.821502685547,136.608505249023,26680000,135.672760009766
2022-02-16,136.646499633789,138.085998535156,134.92399597168,137.738006591797,25022000,136.794509887695
2022-02-17,136.24299621582,137.113494873047,132.478500366211,132.539001464844,38950000,131.631118774414
2022-02-18,133.466995239258,134.070007324219,130.196502685547,130.40299987793,45620000,129.509780883789
2022-02-22,129.837997436523,132.18049621582,128.223495483398,129.813507080078,44990000,128.924301147461
2022-02-23,131.648498535156,132.050994873047,127.527496337891,127.587997436523,32786000,126.714027404785
2022-02-24,124.953498840332,133,124.953498840332,132.690994262695,54456000,131.782073974609
2022-02-25,133.552001953125,135.271499633789,131.751495361328,134.459503173828,36406000,133.538467407227
2022-02-28,133.050003051758,135.751495361328,132.592498779297,135.057006835938,38864000,134.131866455078
2022-03-01,134.878494262695,136.255493164062,133.218505859375,134.061492919922,26496000,133.143218994141
2022-03-02,134.628005981445,135.262496948242,133.071502685547,134.571502685547,23520000,133.649719238281
2022-03-03,136.009994506836,136.439498901367,133.025497436523,133.899505615234,24604000,132.982330322266
2022-03-04,132.927505493164,133.851501464844,130.337493896484,131.906494140625,30430000,131.002960205078
2022-03-07,131.488006591797,131.735000610352,126.294998168945,126.37850189209,45112000,125.512825012207
2022-03-08,126.25,131.25,125.674499511719,127.104499816895,40428000,126.233863830566
2022-03-09,131.25,133.735504150391,129.900497436523,133.419998168945,37026000,132.506103515625
2022-03-10,131.266006469727,133.272003173828,130.912506103516,132.429504394531,27102000,131.522399902344
2022-03-11,133.488494873047,133.795501708984,129.631500244141,129.870498657227,31526000,128.980926513672
2022-03-14,130.25,130.408996582031,125.275001525879,125.950996398926,38812000,125.088256835938
2022-03-15,126.975997924805,129.854507446289,125.720497131348,129.197998046875,30920000,128.313003540039
2022-03-16,130.733001708984,133.332992553711,128.734497070312,133.280502319336,35576000,132.367553710938
2022-03-17,133.149002075195,134.080505371094,132.184997558594,133.839004516602,28264000,132.922225952148
2022-03-18,133.424499511719,136.244003295898,132.258499145508,136.125503540039,44566000,135.193054199219
2022-03-21,136.163497924805,137.050003051758,134.092498779297,136.101501464844,26832000,135.169219970703
2022-03-22,136.101501464844,141.050003051758,136.101501464844,139.86799621582,35496000,138.909927368164
2022-03-23,138.702499389648,139.588500976562,137.835006713867,138.275497436523,25154000,137.328338623047
2022-03-24,139.199996948242,141.619003295898,137.750503540039,141.572006225586,26396000,140.602279663086
2022-03-25,141.916000366211,142.035003662109,139.737503051758,141.673004150391,24126000,140.702575683594
2022-03-28,140.900497436523,142.002502441406,139.811492919922,141.455505371094,35050000,140.486557006836
2022-03-29,142.647506713867,143.793502807617,142.038497924805,142.505493164062,34318000,141.529357910156
2022-03-30,142.460006713867,142.720504760742,141.600006103516,141.938507080078,19884000,140.966247558594
2022-03-31,142.052993774414,142.108001708984,139.024505615234,139.067504882812,37524000,138.11491394043
2022-04-01,139.5,140.470993041992,138.307495117188,140.150497436523,25942000,139.190475463867
2022-04-04,140.358505249023,143.712005615234,140.310501098633,142.971496582031,25942000,141.992156982422
2022-04-05,142.869003295898,142.990493774414,140.382507324219,140.591003417969,21418000,139.627975463867
2022-04-06,138.75,139.360504150391,135.516998291016,136.548004150391,32468000,135.612686157227
2022-04-07,136.009994506836,137.164505004883,134.227493286133,135.88850402832,26234000,134.95768737793
2022-04-08,135.58349609375,135.669998168945,132.96549987793,133.287506103516,25142000,132.37451171875
2022-04-11,131.823501586914,132.092498779297,128.668502807617,128.823501586914,36884000,127.941070556641
2022-04-12,131.600006103516,131.600006103516,126.789001464844,127.714500427246,32710000,126.839668273926
2022-04-13,128,130.333999633789,127.740997314453,129.893997192383,27928000,129.004241943359
2022-04-14,130.479507446289,130.479507446289,126.600997924805,126.730003356934,31598000,125.861930847168
2022-04-18,127,128.212493896484,126.181999206543,127.676498413086,20808000,126.801933288574
2022-04-19,127.691497802734,130.332992553711,126.999496459961,130.009002685547,26490000,129.118469238281
2022-04-20,130.891998291016,131.399002075195,127.5,128.039993286133,31696000,127.162940979004
2022-04-21,129.25,130.098495483398,124.526496887207,124.814498901367,36446000,123.959541320801
2022-04-22,125,125.402000427246,118.925003051758,119.635498046875,56884000,118.816024780273
2022-04-25,119.100997924805,123.277496337891,118.511001586914,123.073997497559,46128000,122.23095703125
2022-04-26,122.294502258301,122.51000213623,118.511001586914,118.650001525879,73054000,117.837265014648
2022-04-27,114.469497680664,117.241996765137,112.736503601074,114.294502258301,91820000,113.511589050293
2022-04-28,116.415000915527,119.64949798584,114.11499786377,118.522499084473,48884000,117.710639953613
2022-04-29,116.734497070312,117.919998168945,113.814498901367,114.109497070312,42676000,113.327857971191
2022-05-02,113.404998779297,116.745498657227,112.599998474121,116.583000183105,35534000,115.78443145752
2022-05-03,116.43049621582,118.442001342773,116.03450012207,117.333999633789,24968000,116.5302734375
2022-05-04,117.03150177002,122.854499816895,115.115997314453,122.261001586914,49916000,121.423522949219
2022-05-05,120.204002380371,121.039001464844,115.005500793457,116.505500793457,45840000,115.707458496094
2022-05-06,115.184501647949,117.571502685547,114.015502929688,115.74649810791,39710000,114.953651428223
2022-05-09,113.25,115.077003479004,112.000503540039,112.511001586914,40802000,111.74031829834
2022-05-10,115.507499694824,116.25,112.900497436523,114.394996643066,39900000,113.611404418945
2022-05-11,113.236503601074,116.364501953125,113.236503601074,113.602500915527,37534000,112.824340820312
2022-05-12,111.377502441406,114.294998168945,109.824501037598,112.84400177002,53836000,112.07103729248
2022-05-13,114.532997131348,117.875,113.605003356934,116.050498962402,35038000,115.255577087402
2022-05-16,114.955497741699,116.169998168945,113.889503479004,114.444999694824,25990000,113.661071777344
2022-05-17,116.84049987793,116.900001525879,114.870002746582,116.472999572754,23054000,115.675178527832
2022-05-18,115,115.400001525879,111.55549621582,111.89949798584,35126000,111.133003234863
2022-05-19,111.431503295898,113.01000213623,110,110.384002685547,34144000,109.627891540527
2022-05-20,111.950996398926,112.183502197266,105.796501159668,108.907997131348,48962000,108.162002563477
2022-05-23,109.587501525879,112.147499084473,108.740997314453,111.487998962402,37184000,110.724327087402
2022-05-24,105.772003173828,106.458503723145,101.884498596191,105.970001220703,76780000,105.244117736816
2022-05-25,104.985496520996,106.5,103.856498718262,105.805000305176,40258000,105.080261230469
2022-05-26,105.677001953125,108.64949798584,105.224998474121,107.792503356934,37948000,107.054138183594
2022-05-27,109.483001708984,112.318000793457,109.138496398926,112.316497802734,37914000,111.547149658203
2022-05-31,112.74649810791,115.735000610352,112.078498840332,113.762001037598,50012000,112.982757568359
2022-06-01,114.855003356934,117.101501464844,113.25,113.891998291016,36606000,113.111862182617
2022-06-02,114,117.89949798584,112.946502685547,117.622497558594,37992000,116.816802978516
2022-06-03,116.0625,116.321502685547,113.518501281738,114.541000366211,26136000,113.756416320801
2022-06-06,116.704498291016,119.34700012207,116.164001464844,116.820503234863,33542000,116.020294189453
2022-06-07,115.480499267578,117.69100189209,115.052001953125,117.14949798584,31590000,116.347038269043
2022-06-08,116.761497497559,118.570503234863,116.599998474121,117.194000244141,26108000,116.391242980957
2022-06-09,116.327499389648,118.299003601074,114.776000976562,114.835502624512,25798000,114.048896789551
2022-06-10,112.444999694824,113.278999328613,110.365997314453,111.161499023438,41452000,110.400054931641
2022-06-13,106.786499023438,108.791496276855,106.119003295898,106.392501831055,47252000,105.663726806641
2022-06-14,106.535003662109,107.924499511719,105.800003051758,106.71549987793,33706000,105.984519958496
2022-06-15,108.544998168945,111.423500061035,107.669502258301,109.764503479004,39698000,109.012626647949
2022-06-16,107.221000671387,108.648498535156,105.138000488281,106.033500671387,51684000,105.307182312012
2022-06-17,106.033500671387,108.699501037598,105.045997619629,107.143501281738,51376000,106.40958404541
2022-06-21,108.929496765137,112.489501953125,108.599998474121,111.543998718262,47416000,110.779930114746
2022-06-22,110.556503295898,113.346496582031,110.382499694824,111.487503051758,30774000,110.723838806152
2022-06-23,112.231498718262,112.742500305176,110.500503540039,112.241996765137,28362000,111.473152160645
2022-06-24,112.995002746582,118.079002380371,112.952499389648,117.974998474121,41164000,117.166893005371
2022-06-27,118.273002624512,118.579498291016,115.179496765137,115.833503723145,36420000,115.040054321289
2022-06-28,115.80249786377,117.309501647949,111.847999572754,112.007499694824,35792000,111.240264892578
2022-06-29,111.552001953125,113.160499572754,110.872497558594,111.701499938965,24716000,110.936363220215
2022-06-30,110,110.888000488281,106.75,108.962997436523,43170000,108.216606140137
2022-07-01,107.932998657227,109.25,106.730499267578,108.737503051758,35476000,107.992668151855
2022-07-05,107.10050201416,113.376998901367,105.731498718262,113.263000488281,39342000,112.487167358398
2022-07-06,113.302001953125,115.589500427246,111.475997924805,114.571998596191,37432000,113.787200927734
2022-07-07,115.080001831055,119.189498901367,114.833503723145,118.782997131348,40936000,117.969352722168
2022-07-08,117.25,119.684997558594,116.901496887207,119.353500366211,38238000,118.535949707031
2022-07-11,117.998001098633,117.998001098633,115.330497741699,115.676498413086,31196000,114.884140014648
2022-07-12,116.214996337891,116.973999023438,113.690002441406,114.020500183105,29960000,113.239471435547
2022-07-13,111.700996398926,114.195999145508,111.201499938965,111.353500366211,43722000,110.590744018555
2022-07-14,110.210502624512,111.093002319336,108.373001098633,110.367500305176,37004000,109.61149597168
2022-07-15,112.000503540039,113.140502929688,110.900001525879,111.777496337891,46770000,111.011840820312
2022-07-18,112.639999389648,113.680000305176,108.370002746582,109.029998779297,43164600,108.283149719238
2022-07-19,110.849998474121,114.019996643066,109.559997558594,113.809997558594,36530900,113.030418395996
2022-07-20,113.169998168945,115.400001525879,112.480003356934,113.900001525879,35600400,113.119804382324
2022-07-21,114.279998779297,114.550003051758,111.110000610352,114.339996337891,32676200,113.556777954102
2022-07-22,111,112.339996337891,106.5,107.900001525879,48901200,107.160903930664
2022-07-25,108.410003662109,109.870002746582,106.300003051758,107.51000213623,34690900,106.773574829102
2022-07-26,106.599998474121,107.199996948242,104.069999694824,105.019996643066,47991000,104.300621032715
2022-07-27,109.26000213623,113.910003662109,108.01000213623,113.059997558594,59858500,112.285552978516
2022-07-28,112.370002746582,114.339996337891,111.459999084473,114.220001220703,32816600,113.437606811523
2022-07-29,113.080001831055,116.709999084473,113.059997558594,116.319999694824,37223400,115.523216247559
2022-08-01,115.300003051758,116.720001220703,114.339996337891,114.860000610352,26034300,114.073219299316
2022-08-02,114,116.349998474121,113.720001220703,115.129997253418,20236000,114.341377258301
2022-08-03,115.709999084473,118.620002746582,115.480003356934,118.080001831055,28499000,117.271171569824
2022-08-04,117.480003356934,118.779998779297,116.889999389648,118.190002441406,21602900,117.380424499512
2022-08-05,116.230003356934,118.110000610352,116,117.470001220703,19159500,116.665351867676
2022-08-08,118.389999389648,120.150001525879,116.879997253418,117.300003051758,19138300,116.496513366699
2022-08-09,117.139999389648,117.319999694824,115.709999084473,116.629997253418,19086500,115.831092834473
2022-08-10,118.779998779297,120.919998168945,118.410003662109,119.699996948242,30930400,118.880065917969
2022-08-11,121.279998779297,121.48999786377,118.559997558594,118.839996337891,24293700,118.025955200195
2022-08-12,120.26000213623,121.680000305176,119.459999084473,121.680000305176,19096300,120.84651184082
2022-08-15,121.129997253418,122.300003051758,120.610000610352,122.080001831055,19494800,121.243774414062
2022-08-16,121.519996643066,122.430000305176,120.639999389648,121.699996948242,19041200,120.866371154785
2022-08-17,120.120002746582,121.290000915527,119.379997253418,119.550003051758,22847000,118.731094360352
2022-08-18,119.430000305176,120.819999694824,118.720001220703,120.169998168945,17987700,119.346855163574
2022-08-19,119.059997558594,119.150001525879,116.76000213623,117.209999084473,21809500,116.407127380371
2022-08-22,115.199996948242,115.629997253418,113.849998474121,114.23999786377,21456600,113.457473754883
2022-08-23,113.480003356934,115.01000213623,113.430000305176,113.860000610352,15870400,113.080070495605
2022-08-24,113.5,114.779998779297,112.870002746582,113.690002441406,17734600,112.911247253418
2022-08-25,114.23999786377,116.720001220703,114.110000610352,116.650001525879,16956800,115.850975036621
2022-08-26,114.720001220703,115.120002746582,110.190002441406,110.339996337891,37245700,109.584190368652
2022-08-29,109.98999786377,110.949996948242,108.800003051758,109.419998168945,21191200,108.67049407959
2022-08-30,110.169998168945,110.5,107.800003051758,108.940002441406,27513300,108.193778991699
2022-08-31,110.650001525879,110.849998474121,108.129997253418,108.220001220703,28627000,107.478713989258
2022-09-01,108.279998779297,110.449996948242,107.360000610352,109.73999786377,28360900,108.988296508789
2022-09-02,110.589996337891,110.73999786377,107.26000213623,107.849998474121,24160700,107.111228942871
2022-09-06,107.300003051758,108.029998779297,105.779998779297,106.809997558594,25068300,106.078369140625
2022-09-07,107.059997558594,109.980003356934,106.900001525879,109.449996948242,23167000,108.70027923584
2022-09-08,108.040000915527,109.599998474121,107.160003662109,108.379997253418,24238300,107.637603759766
2022-09-09,109.069999694824,110.98999786377,109.019996643066,110.650001525879,23197700,109.892066955566
2022-09-12,110.98999786377,111.620002746582,109.930000305176,110.860000610352,22966800,110.100631713867
2022-09-13,107.800003051758,108.300003051758,104.089996337891,104.319999694824,38172900,103.605422973633
2022-09-14,104.569999694824,105.279998779297,103.660003662109,105,26395100,104.28076171875
2022-09-15,104.029998779297,105.269996643066,102.349998474121,102.910003662109,34188300,102.205085754395
2022-09-16,102.069999694824,103.129997253418,100.940002441406,102.800003051758,42797200,102.095840454102
2022-09-19,101.75,103.330001831055,101.550003051758,103.069999694824,23036800,102.363990783691
2022-09-20,102.080001831055,102.370002746582,100.519996643066,101.139999389648,26517100,100.447204589844
2022-09-21,101.669998168945,102.879997253418,99.2699966430664,99.2799987792969,31487300,98.5999526977539
2022-09-22,98.8199996948242,101.23999786377,98.7900009155273,100.139999389648,34298600,99.4540557861328
2022-09-23,99.629997253418,99.6600036621094,97.4700012207031,98.7399978637695,31625400,98.0636367797852
2022-09-26,98.0999984741211,99.879997253418,97.8000030517578,98.1699981689453,27072700,97.4975433349609
2022-09-27,99.4300003051758,100,96.870002746582,97.5,30072800,96.832145690918
2022-09-28,97.6500015258789,100.699996948242,97.1100006103516,100.050003051758,32466300,99.3646774291992
2022-09-29,98.6399993896484,98.6399993896484,95.9599990844727,97.4199981689453,31047200,96.7526702880859
2022-09-30,97.0500030517578,98.9000015258789,95.5599975585938,95.6500015258789,32941500,94.9948196411133
2022-10-03,96.7600021362305,99.2900009155273,96.5199966430664,98.6399993896484,27982000,97.9643325805664
2022-10-04,100.440002441406,101.839996337891,100.379997253418,101.639999389648,28850800,100.943786621094
2022-10-05,99.8300018310547,101.930000305176,98.8000030517578,101.430000305176,22176900,100.735214233398
2022-10-06,100.680000305176,102.930000305176,100.589996337891,101.419998168945,22324000,100.725296020508
2022-10-07,99.8499984741211,100.529998779297,98.3000030517578,98.6800003051758,27502800,98.0040588378906
2022-10-10,99,99.0999984741211,97.0100021362305,97.8600006103516,18225100,97.1896820068359
2022-10-11,97.4300003051758,99.25,96.3099975585938,97.1800003051758,26507100,96.5143280029297
2022-10-12,97.3000030517578,98.75,96.7399978637695,97.5599975585938,21876400,96.891731262207
2022-10-13,95.1500015258789,99.7799987792969,94.379997253418,99.0599975585938,34574500,98.3814544677734
2022-10-14,99.9899978637695,100.690002441406,96.370002746582,96.5599975585938,25410700,95.8985748291016
2022-10-17,98.8600006103516,100.930000305176,98.8300018310547,99.9700012207031,28419200,99.2852096557617
2022-10-18,103.129997253418,103.470001220703,99.9700012207031,100.769996643066,24060700,100.079750061035
2022-10-19,100.01000213623,101.019996643066,98.9199981689453,99.629997253418,23811100,98.9475402832031
2022-10-20,100,102.319999694824,99.3899993896484,99.9700012207031,25323200,99.2852096557617
2022-10-21,97.8499984741211,101.309997558594,97.7200012207031,101.129997253418,32458700,100.43726348877
2022-10-24,101.800003051758,102.75,99.9800033569336,102.519996643066,27176400,101.817749023438
2022-10-25,102.900001525879,104.819999694824,102.720001220703,104.480003356934,40611400,103.764335632324
2022-10-26,96.4300003051758,98.3099975585938,94.6900024414062,94.9300003051758,88114100,94.2797470092773
2022-10-27,94.5199966430664,95.4300003051758,91.8000030517578,92.2200012207031,60710900,91.5883026123047
2022-10-28,92.2699966430664,96.5500030517578,92.129997253418,96.2900009155273,43697300,95.6304321289062
2022-10-31,95.4199981689453,96.0299987792969,93.9800033569336,94.5100021362305,31675000,93.8626327514648
2022-11-01,95.4499969482422,96.0299987792969,90.370002746582,90.4700012207031,47161400,89.8503036499023
2022-11-02,90.9400024414062,91.1800003051758,86.879997253418,86.9700012207031,57038300,86.374267578125
2022-11-03,86.3199996948242,86.5199966430664,83.3399963378906,83.4300003051758,61288000,82.8585205078125
2022-11-04,85.4000015258789,86.6399993896484,83.7099990844727,86.5800018310547,51124900,85.9869384765625
2022-11-07,87.2799987792969,88.9000015258789,86.8499984741211,88.4899978637695,34078900,87.8838577270508
2022-11-08,88.9000015258789,90.3199996948242,87.5899963378906,88.9000015258789,30429000,88.2910537719727
2022-11-09,88.4499969482422,89.4400024414062,87.2799987792969,87.3199996948242,31769100,86.7218704223633
2022-11-10,92.25,94.3899993896484,91.6100006103516,93.9400024414062,51620100,93.2965240478516
2022-11-11,94.6900024414062,96.9300003051758,93.9199981689453,96.4100036621094,33090500,95.7496185302734
2022-11-14,95.0899963378906,96.7900009155273,94.5100021362305,95.6999969482422,30179500,95.0444641113281
2022-11-15,98.2600021362305,100.139999389648,96.7099990844727,98.4400024414062,41640800,97.7657012939453
2022-11-16,97.9000015258789,99.6399993896484,97.6399993896484,98.8499984741211,29105200,98.1728897094727
2022-11-17,96.9700012207031,99.2799987792969,96.7900009155273,98.3600006103516,26052600,97.6862487792969
2022-11-18,98.7699966430664,98.9000015258789,96.370002746582,97.4300003051758,28342300,96.7626113891602
2022-11-21,97.2900009155273,98.4000015258789,95.3600006103516,95.5999984741211,21647400,94.9451522827148
2022-11-22,95.9499969482422,97.2200012207031,94.0500030517578,97.0500030517578,23438500,96.3852233886719
2022-11-23,97.0899963378906,98.7600021362305,97.0899963378906,98.4599990844727,18868100,97.7855682373047
2022-11-25,98.2399978637695,98.6399993896484,97.4000015258789,97.4599990844727,9701400,96.7924118041992
2022-11-28,97.0400009155273,97.5800018310547,95.6100006103516,96.0500030517578,26237500,95.3920822143555
2022-11-29,95.7300033569336,96.120002746582,94.1100006103516,95.1900024414062,20061700,94.537971496582
2022-11-30,94.8199996948242,101.040000915527,94.4199981689453,100.98999786377,43647500,100.298233032227
2022-12-01,101.019996643066,102.25,100.25,100.98999786377,28687100,100.298233032227
2022-12-02,99.0500030517578,100.769996643066,98.9000015258789,100.440002441406,21480700,99.7520065307617
2022-12-05,99.4000015258789,101.379997253418,99,99.4800033569336,24405100,98.7985763549805
2022-12-06,99.3000030517578,99.7799987792969,96.4199981689453,96.9800033569336,24910700,96.3156967163086
2022-12-07,96.4100036621094,96.879997253418,94.7200012207031,94.9400024414062,31045400,94.2896728515625
2022-12-08,95.379997253418,95.5800018310547,93.4499969482422,93.7099990844727,32213300,93.0680923461914
2022-12-09,93.7699966430664,94.2600021362305,92.75,92.8300018310547,28225400,92.1941299438477
2022-12-12,92.7099990844727,93.5599975585938,91.6100006103516,93.3099975585938,29420000,92.6708450317383
2022-12-13,97.7600021362305,99.5299987792969,95.0299987792969,95.629997253418,40593700,94.9749450683594
2022-12-14,95.1999969482422,96.870002746582,93.5999984741211,95.0699996948242,28733600,94.4187850952148
2022-12-15,93.129997253418,93.6399993896484,90.0100021362305,90.8600006103516,40107000,90.2376251220703
2022-12-16,90.7600021362305,91.3300018310547,89.5199966430664,90.2600021362305,58011800,89.641731262207
2022-12-19,90.2600021362305,90.5599975585938,88.2099990844727,88.4400024414062,29493000,87.8342056274414
2022-12-20,88.1100006103516,89.1800003051758,87.4400024414062,89.0199966430664,23453800,88.4102249145508
2022-12-21,89.0800018310547,90.2200012207031,88.3199996948242,89.5800018310547,24745600,88.9664001464844
2022-12-22,88.1600036621094,88.5400009155273,86.3199996948242,87.7600021362305,27658300,87.1588668823242
2022-12-23,87.1100006103516,89.5500030517578,87.0699996948242,89.2300033569336,23003000,88.6187896728516
2022-12-27,88.8000030517578,88.9400024414062,87.0100021362305,87.3899993896484,20097300,86.791389465332
2022-12-28,86.9800033569336,88.0400009155273,85.9400024414062,86.0199966430664,19523200,85.4307708740234
2022-12-29,86.620002746582,88.8499984741211,86.6100006103516,88.4499969482422,23333500,87.8441314697266
2022-12-30,86.9800033569336,88.3000030517578,86.5699996948242,88.2300033569336,23986300,87.6256408691406
2023-01-03,89.5899963378906,91.0500030517578,88.5199966430664,89.120002746582,28131200,88.5095443725586
2023-01-04,90.3499984741211,90.6500015258789,87.2699966430664,88.0800018310547,34854800,87.4766693115234
2023-01-05,87.4700012207031,87.5699996948242,85.9000015258789,86.1999969482422,27194400,85.6095428466797
2023-01-06,86.7900009155273,87.6900024414062,84.8600006103516,87.3399963378906,41381500,86.7417297363281
2023-01-09,88.3600006103516,90.0500030517578,87.8600006103516,88.0199966430664,29003900,87.4170684814453
2023-01-10,85.9800033569336,88.6699981689453,85.8300018310547,88.4199981689453,30467800,87.8143310546875
2023-01-11,89.1800003051758,91.5999984741211,89.0100021362305,91.5199966430664,26862000,90.8931045532227
2023-01-12,91.4800033569336,91.870002746582,89.75,91.129997253418,30258100,90.5057601928711
2023-01-13,90.8499984741211,92.1900024414062,90.129997253418,92.120002746582,26329200,91.4889831542969
2023-01-17,92.0599975585938,92.25,90.0500030517578,91.2900009155273,32602400,90.664680480957
2023-01-18,92.1399993896484,92.8000030517578,90.6399993896484,91.120002746582,29116700,90.495849609375
2023-01-19,90.7200012207031,93.6100006103516,90.629997253418,93.0500030517578,37000400,92.4126281738281
2023-01-20,95.0999984741211,98.3000030517578,95.0199966430664,98.0199966430664,63191100,97.3485717773438
2023-01-23,97.9499969482422,100.040000915527,97.5,99.7900009155273,40005100,99.1064453125
2023-01-24,98.0999984741211,99.6100006103516,97.1999969482422,97.6999969482422,33078500,97.0307769775391
2023-01-25,95.5699996948242,96.1600036621094,93.7600021362305,95.2200012207031,42330000,94.5677490234375
2023-01-26,96.5,97.5699996948242,95.379997253418,97.5199966430664,30114000,96.8520126342773
2023-01-27,97.3099975585938,100.319999694824,97.3099975585938,99.370002746582,33879800,98.689323425293
2023-01-30,97.4800033569336,98.2900009155273,96.4000015258789,96.9400024414062,27226200,96.2759780883789
2023-01-31,96.870002746582,98.879997253418,96.8199996948242,98.8399963378906,29870700,98.1629486083984
2023-02-01,98.7099990844727,101.190002441406,97.5800018310547,100.430000305176,35531100,99.742057800293
2023-02-02,105.800003051758,107.849998474121,105.610000610352,107.73999786377,69883800,107.001991271973
2023-02-03,102.930000305176,107.809997558594,102.580001831055,104.779998779297,65309300,104.06226348877
2023-02-06,102.400001525879,104.360000610352,101.879997253418,102.900001525879,31999600,102.19514465332
2023-02-07,103.220001220703,108.180000305176,103.120002746582,107.639999389648,49010200,106.902687072754
2023-02-08,102.050003051758,103.139999389648,98.0400009155273,99.370002746582,94743500,98.689323425293
2023-02-09,100,100.029998779297,93.629997253418,95.0100021362305,119455000,94.3591995239258
2023-02-10,95.4499969482422,96.75,94.25,94.5699996948242,54980700,93.9222106933594
2023-02-13,94.7399978637695,95.1999969482422,93.8399963378906,94.6100006103516,50076100,93.9619369506836
2023-02-14,94.4300003051758,94.8499984741211,92.2600021362305,94.6800003051758,54726100,94.0314559936523
2023-02-15,94.4899978637695,97.120002746582,94.1500015258789,96.9400024414062,50169000,96.2759780883789
2023-02-16,95.370002746582,97.6800003051758,94.7399978637695,95.5100021362305,42462600,94.8557739257812
2023-02-17,94.8499984741211,95.5599975585938,93.2099990844727,94.3499984741211,34284100,93.7037200927734
2023-02-21,93,93.0999984741211,91.7200012207031,91.7900009155273,33629300,91.1612548828125
2023-02-22,91.6999969482422,92.1100006103516,90.6100006103516,91.6500015258789,30884000,91.0222091674805
2023-02-23,91.9199981689453,91.9400024414062,89.7600021362305,90.8899993896484,41206400,90.2674102783203
2023-02-24,89.4400024414062,89.8899993896484,88.5800018310547,89.129997253418,36585100,88.5194625854492
2023-02-27,89.870002746582,90.1600036621094,89.3399963378906,89.870002746582,27502300,89.2544021606445
2023-02-28,89.3300018310547,91.2300033569336,89.3199996948242,90.0599975585938,30142000,89.4430999755859
2023-03-01,89.9800033569336,91.0299987792969,89.6699981689453,90.3600006103516,31111200,89.7410430908203
2023-03-02,89.6600036621094,92.2799987792969,89.5899963378906,92,32204400,91.3698120117188
2023-03-03,92.4800033569336,93.7300033569336,92.4499969482422,93.6500015258789,35160100,93.0085220336914
2023-03-06,94.0199966430664,95.9700012207031,94,95.129997253418,32639300,94.4783706665039
2023-03-07,94.9800033569336,95.6699981689453,93.5299987792969,93.8600006103516,27835500,93.2170715332031
2023-03-08,94.120002746582,95.9599990844727,94,94.25,34103300,93.6044082641602
2023-03-09,94.0500030517578,95.5299987792969,91.9000015258789,92.3199996948242,28813500,91.687614440918
2023-03-10,92.1699981689453,92.7900009155273,90.4000015258789,90.629997253418,35941000,90.0092010498047
2023-03-13,90.0899963378906,92.5699996948242,89.4199981689453,91.1100006103516,37335600,90.4859085083008
2023-03-14,92.5599975585938,94.3600006103516,92.4400024414062,93.9700012207031,36050200,93.3263168334961
2023-03-15,93.2200012207031,96.9300003051758,92.6399993896484,96.1100006103516,50622100,95.45166015625
2023-03-16,96.1999969482422,101.190002441406,95.5,100.319999694824,65492000,99.6328277587891
2023-03-17,100.26000213623,102.839996337891,100.099998474121,101.620002746582,61028500,100.923919677734
2023-03-20,100.120002746582,101.75,99.870002746582,101.220001220703,32960400,100.526664733887
2023-03-21,101.25,105.099998474121,101.220001220703,104.919998168945,42110300,104.201309204102
2023-03-22,104.269996643066,106.589996337891,103.330001831055,103.370002746582,43427400,102.661933898926
2023-03-23,105.059997558594,106.300003051758,104.459999084473,105.599998474121,40797800,104.876647949219
2023-03-24,104.98999786377,105.48999786377,103.839996337891,105.440002441406,30393300,104.717742919922
2023-03-27,104.620002746582,104.76000213623,101.930000305176,102.459999084473,31120900,101.758163452148
2023-03-28,102.440002441406,102.449996948242,99.7399978637695,101.029998779297,32057900,100.337951660156
2023-03-29,102.279998779297,102.48999786377,100.650001525879,101.389999389648,28779600,100.695487976074
2023-03-30,100.910003662109,101.160003662109,99.7799987792969,100.889999389648,33086200,100.198928833008
2023-03-31,101.300003051758,103.889999389648,101.040000915527,103.730003356934,36863400,103.019462585449
2023-04-03,102.389999389648,104.529998779297,101.930000305176,104.360000610352,25035400,103.645156860352
2023-04-04,104.330001831055,105.580001831055,104.040000915527,104.720001220703,24420100,104.002685546875
2023-04-05,105.779998779297,106.099998474121,103.660003662109,104.470001220703,28290500,103.75439453125
2023-04-06,105.26000213623,109.169998168945,104.330001831055,108.419998168945,48711500,107.677345275879
2023-04-10,106.980003356934,107.589996337891,105.120002746582,106.440002441406,27067400,105.710906982422
2023-04-11,106.550003051758,106.730003356934,104.680000305176,105.349998474121,26311800,104.628379821777
2023-04-12,106.580001831055,106.75,104.339996337891,104.639999389648,24370300,103.923233032227
2023-04-13,105.839996337891,107.48999786377,105.839996337891,107.430000305176,24843600,106.694122314453
2023-04-14,106.889999389648,108.940002441406,106.839996337891,108.870002746582,26578000,108.12425994873
2023-04-17,104.660003662109,106.160003662109,104.519996643066,105.970001220703,37571200,105.244117736816
2023-04-18,106.48999786377,106.540000915527,104.069999694824,104.5,26596400,103.784187316895
2023-04-19,103.580001831055,104.980003356934,103.069999694824,104.180000305176,20905700,103.466384887695
2023-04-20,103.910003662109,106.25,103.870002746582,105.290000915527,27820800,104.568786621094
2023-04-21,105.470001220703,106,104.779998779297,105.410003662109,25800100,104.687965393066
2023-04-24,105.48999786377,106.629997253418,104.699996948242,105.970001220703,23542800,105.244117736816
2023-04-25,105.830001831055,106.690002441406,103.839996337891,103.849998474121,46664100,103.138641357422
2023-04-26,104.919998168945,106.349998474121,102.629997253418,103.709999084473,53347600,102.999610900879
2023-04-27,104.449996948242,108.370002746582,103.540000915527,107.589996337891,50089200,106.853019714355
2023-04-28,107.040000915527,107.349998474121,105.089996337891,107.339996337891,36139800,106.60472869873
2023-05-01,106.839996337891,107.98999786377,106.819999694824,107.199996948242,26681700,106.465682983398
2023-05-02,107.139999389648,107.199996948242,103.709999084473,105.319999694824,30997200,104.598564147949
2023-05-03,105.529998779297,107.48999786377,104.959999084473,105.410003662109,21795400,104.687965393066
2023-05-04,105.48999786377,105.599998474121,103.970001220703,104.690002441406,23419500,103.972885131836
2023-05-05,104.819999694824,105.879997253418,104.110000610352,105.569999694824,26639300,104.846870422363
2023-05-08,105.180000305176,107.959999084473,105.160003662109,107.769996643066,26511400,107.031784057617
2023-05-09,108.389999389648,110.150001525879,107.190002441406,107.349998474121,36360100,106.614677429199
2023-05-10,107.970001220703,112.940002441406,107.930000305176,111.75,63153400,110.984527587891
2023-05-11,115.400001525879,117.919998168945,114.410003662109,116.569999694824,78900000,115.771507263184
2023-05-12,116.680000305176,118.029998779297,116.110000610352,117.51000213623,41102300,116.705078125
2023-05-15,116.110000610352,118.480003356934,116.01000213623,116.51000213623,36266800,115.711921691895
2023-05-16,116.48999786377,120.75,116.430000305176,119.51000213623,45035600,118.691368103027
2023-05-17,119.610000610352,121.669998168945,118.889999389648,120.839996337891,33323600,120.012268066406
2023-05-18,120.949996948242,123.309997558594,120.830001831055,122.830001831055,35234200,121.988632202148
2023-05-19,123.550003051758,125.970001220703,122.150001525879,122.76000213623,41353400,121.91911315918
2023-05-22,122.940002441406,126.430000305176,122.73999786377,125.050003051758,35253000,124.193435668945
2023-05-23,124.160003662109,124.629997253418,122.209999084473,122.559997558594,34046300,121.720489501953
2023-05-24,121.120002746582,121.910003662109,119.860000610352,120.900001525879,34182600,120.071853637695
2023-05-25,124.519996643066,125.319999694824,121.959999084473,123.480003356934,42317000,122.634185791016
2023-05-26,123.169998168945,125.26000213623,122.449996948242,124.610000610352,35635900,123.756439208984
2023-05-30,125.639999389648,125.660003662109,122,123.669998168945,35076700,122.822875976562
2023-05-31,122.75,124.059997558594,122.5,122.870002746582,37325800,122.028358459473
2023-06-01,122.819999694824,124.419998168945,122.620002746582,123.720001220703,30772700,122.872535705566
2023-06-02,123.98999786377,126.150001525879,123.76000213623,124.669998168945,26980100,123.816032409668
2023-06-05,124.01000213623,127.430000305176,123.839996337891,126.01000213623,32305500,125.146850585938
2023-06-06,126.01000213623,128.289993286133,125.360000610352,127.309997558594,26638300,126.437942504883
2023-06-07,126.970001220703,129.039993286133,122.120002746582,122.5,52539000,121.660903930664
2023-06-08,122.230003356934,123.230003356934,121.23999786377,122.139999389648,29389200,121.303359985352
2023-06-09,122.25,123.76000213623,121.910003662109,122.230003356934,23778300,121.39274597168
2023-06-12,122.790000915527,124.050003051758,121.660003662109,123.639999389648,28306400,122.793083190918
2023-06-13,124.980003356934,125.160003662109,123.180000305176,123.830001831055,22278300,122.981788635254
2023-06-14,123.099998474121,124.050003051758,121.449996948242,123.669998168945,30592300,122.822875976562
2023-06-15,123.139999389648,125.459999084473,122.400001525879,125.089996337891,35246300,124.233154296875
2023-06-16,125.930000305176,126.110000610352,123.279998779297,123.529998779297,45535600,122.683837890625
2023-06-20,122.930000305176,124.569999694824,122.139999389648,123.099998474121,26097500,122.256782531738
2023-06-21,122.400001525879,122.660003662109,120.099998474121,120.550003051758,30306300,119.724258422852
2023-06-22,120,123.23999786377,118.830001831055,123.150001525879,26952200,122.306434631348
2023-06-23,121.379997253418,122.790000915527,121.059997558594,122.339996337891,34913600,121.501983642578
2023-06-26,120.76000213623,122,118.269996643066,118.339996337891,33969900,117.52938079834
2023-06-27,117.080001831055,119.080001831055,116.099998474121,118.330001831055,39535900,117.519470214844
2023-06-28,117.089996337891,120.389999389648,116.849998474121,120.180000305176,27091400,119.356781005859
2023-06-29,119.23999786377,120.059997558594,118.300003051758,119.099998474121,24090900,118.2841796875
2023-06-30,120.169998168945,121.080001831055,119.690002441406,119.699996948242,29532200,118.880065917969
2023-07-03,119.23999786377,120.190002441406,118.819999694824,119.900001525879,14467900,119.078712463379
2023-07-05,119.23999786377,122.610000610352,119.230003356934,121.75,27584800,120.916030883789
2023-07-06,119.800003051758,120.300003051758,118.400001525879,120.110000610352,24745200,119.287261962891
2023-07-07,120.099998474121,121.050003051758,119.400001525879,119.480003356934,21709500,118.661582946777
2023-07-10,118.300003051758,118.309997558594,116.139999389648,116.449996948242,35315200,115.652328491211
2023-07-11,116.290000915527,117.709999084473,115.349998474121,117.139999389648,23078800,116.337608337402
2023-07-12,118.800003051758,120.330001831055,118.410003662109,118.930000305176,30404400,118.115341186523
2023-07-13,120.930000305176,124.830001831055,120.449996948242,124.540000915527,44297900,123.686912536621
2023-07-14,124.800003051758,126.779998779297,123.48999786377,125.419998168945,33283100,124.560890197754
2023-07-17,125.940002441406,127.099998474121,124.199996948242,124.650001525879,25716200,123.796165466309
2023-07-18,124.599998474121,124.680000305176,122.959999084473,123.76000213623,26193600,122.912261962891
2023-07-19,124.599998474121,125.180000305176,121.800003051758,122.029998779297,37224000,121.194114685059
2023-07-20,121.419998168945,124.089996337891,118.220001220703,119.199996948242,37906800,118.383506774902
2023-07-21,120.620002746582,120.98999786377,118.730003356934,120.019996643066,72937900,119.197883605957
2023-07-24,121.660003662109,123,120.980003356934,121.529998779297,29686100,120.697525024414
2023-07-25,121.360000610352,123.150001525879,121.019996643066,122.209999084473,52509600,121.37287902832
2023-07-26,130.070007324219,130.979995727539,128.320007324219,129.270004272461,61682100,128.384536743164
2023-07-27,131.669998168945,133.240005493164,128.789993286133,129.399993896484,44952100,128.513626098633
2023-07-28,130.779998779297,133.740005493164,130.570007324219,132.580001831055,36591200,131.671829223633
2023-07-31,132.729995727539,133.529998779297,131.779998779297,132.720001220703,28055500,131.810897827148
2023-08-01,130.779998779297,132.630004882812,130.679992675781,131.550003051758,23166800,130.648895263672
2023-08-02,129.449996948242,130.089996337891,127.559997558594,128.380004882812,26273300,127.500625610352
2023-08-03,127.970001220703,129.389999389648,127.419998168945,128.449996948242,20089500,127.570137023926
2023-08-04,129.279998779297,131.509994506836,127.910003662109,128.110000610352,26147200,127.232467651367
2023-08-07,129.160003662109,131.610000610352,129.020004272461,131.529998779297,22746300,130.629043579102
2023-08-08,130.619995117188,131.509994506836,129.539993286133,131.399993896484,23535200,130.499923706055
2023-08-09,131.660003662109,132.039993286133,129,129.660003662109,24912900,128.771835327148
2023-08-10,131.320007324219,132.050003051758,129.449996948242,129.690002441406,20857800,128.801635742188
2023-08-11,128.660003662109,129.929992675781,128.169998168945,129.559997558594,19591100,128.67253112793
2023-08-14,129.389999389648,131.369995117188,128.960006713867,131.330001831055,24695600,130.430404663086
2023-08-15,131.100006103516,131.419998168945,129.279998779297,129.779998779297,19770700,128.891021728516
2023-08-16,128.699996948242,130.279998779297,127.870002746582,128.699996948242,25216100,127.818428039551
2023-08-17,129.800003051758,131.990005493164,129.289993286133,129.919998168945,33446300,129.030059814453
2023-08-18,128.509994506836,129.25,126.379997253418,127.459999084473,30504800,126.5869140625
2023-08-21,127.180000305176,128.729995727539,126.559997558594,128.369995117188,25248700,127.490684509277
2023-08-22,128.509994506836,130.279998779297,128.320007324219,129.080001831055,22054900,128.195816040039
2023-08-23,130.179992675781,133.410003662109,129.869995117188,132.369995117188,27819700,131.463272094727
2023-08-24,133.949996948242,134.25,129.570007324219,129.779998779297,28500700,128.891021728516
2023-08-25,129.539993286133,130.759994506836,127.25,129.880004882812,26762900,128.990341186523
2023-08-28,131.309997558594,132.539993286133,130.139999389648,131.009994506836,20543300,130.112594604492
2023-08-29,132.240005493164,136.570007324219,132.240005493164,134.570007324219,43075600,133.648223876953
2023-08-30,134.779998779297,136.279998779297,134.070007324219,135.880004882812,28315800,134.949264526367
2023-08-31,136.009994506836,138,135.789993286133,136.169998168945,30053800,135.237258911133
2023-09-01,137.460006713867,137.460006713867,134.850006103516,135.660003662109,21543700,134.730743408203
2023-09-05,135.440002441406,136.419998168945,134.580001831055,135.770004272461,19403100,134.839996337891
2023-09-06,136.020004272461,136.529998779297,133.669998168945,134.460006713867,18684500,133.538970947266
2023-09-07,133.589996337891,135.580001831055,132.949996948242,135.259994506836,18844300,134.333480834961
2023-09-08,134.910003662109,136.660003662109,134.850006103516,136.380004882812,23558300,135.445816040039
2023-09-11,136.539993286133,137.479995727539,135.789993286133,136.919998168945,20763400,135.982116699219
2023-09-12,136.259994506836,136.869995117188,135.190002441406,135.339996337891,18405500,134.412933349609
2023-09-13,135.089996337891,136.899993896484,134.149993896484,136.710006713867,20749500,135.773574829102
2023-09-14,137.600006103516,138.699996948242,136.240005493164,138.100006103516,24751000,137.154052734375
2023-09-15,137.979995727539,138.520004272461,136.479995727539,137.399993896484,38919600,136.45881652832
2023-09-18,136.610000610352,139.160003662109,136.610000610352,138.210006713867,21861300,137.263305664062
2023-09-19,137.419998168945,138.410003662109,136.619995117188,138.039993286133,20353700,137.094436645508
2023-09-20,138.080001831055,138.080001831055,133.619995117188,133.740005493164,29927500,132.82389831543
2023-09-21,131.440002441406,132.229995727539,130.070007324219,130.440002441406,31503900,129.546493530273
2023-09-22,130.759994506836,132.029998779297,129.600006103516,130.25,26397300,129.357803344727
2023-09-25,129.830001831055,131.169998168945,128.960006713867,131.110000610352,20094600,130.2119140625
2023-09-26,129.770004272461,130.360000610352,127.220001220703,128.570007324219,25718700,127.689331054688
2023-09-27,128.570007324219,130.899993896484,128.570007324219,130.539993286133,22746500,129.645812988281
2023-09-28,129.839996337891,133.300003051758,129.789993286133,132.309997558594,22513100,131.403686523438
2023-09-29,133.279998779297,134.050003051758,130.360000610352,130.860000610352,30859800,129.963623046875
2023-10-02,131.210006713867,134.419998168945,131.169998168945,134.169998168945,22288000,133.250961303711
2023-10-03,133.940002441406,134.259994506836,131.839996337891,132.429992675781,22989400,131.522872924805
2023-10-04,132.789993286133,135.570007324219,132.529998779297,135.240005493164,26752300,134.31364440918
2023-10-05,135.070007324219,135.490005493164,133.449996948242,135.070007324219,19832600,134.144790649414
2023-10-06,134.009994506836,138.160003662109,134.009994506836,137.580001831055,27597600,136.637619018555
2023-10-09,136.940002441406,138.940002441406,135.610000610352,138.419998168945,19278100,137.47184753418
2023-10-10,138.5,139.720001220703,137.330001831055,138.059997558594,27786600,137.114318847656
2023-10-11,138.580001831055,141.110000610352,138.580001831055,140.550003051758,25884300,139.587265014648
2023-10-12,141.050003051758,141.220001220703,138.259994506836,138.970001220703,24765500,138.018081665039
2023-10-13,139.380004882812,140,136.619995117188,137.360000610352,23420500,136.41911315918
2023-10-16,138.169998168945,139.630004882812,137.990005493164,139.100006103516,28501900,138.147186279297
2023-10-17,138.630004882812,139.899993896484,137.179992675781,139.720001220703,23515800,138.762954711914
2023-10-18,139.449996948242,140.720001220703,137.380004882812,137.960006713867,23375000,137.014999389648
2023-10-19,138.5,139.660003662109,137.380004882812,137.75,26066000,136.806427001953
2023-10-20,137.330001831055,137.869995117188,135.080001831055,135.600006103516,26335700,134.671188354492
2023-10-23,135.039993286133,137.660003662109,133.949996948242,136.5,26317900,135.564971923828
2023-10-24,137.830001831055,139.360000610352,137.419998168945,138.809997558594,44814300,137.859176635742
2023-10-25,128.160003662109,128.309997558594,125.069999694824,125.610000610352,84366200,124.74959564209
2023-10-26,123.269996643066,124.330001831055,121.269996643066,122.279998779297,57061100,121.442398071289
2023-10-27,122.879997253418,123.309997558594,120.209999084473,122.169998168945,44566500,121.333152770996
2023-10-30,123.209999084473,125.400001525879,122.75,124.459999084473,28940100,123.607460021973
2023-10-31,125.059997558594,125.370002746582,122.690002441406,124.080001831055,26292300,123.23006439209
2023-11-01,124.069999694824,126.48999786377,123.720001220703,126.449996948242,30082400,125.583831787109
2023-11-02,128.419998168945,128.979995727539,126.930000305176,127.48999786377,27124600,126.616714477539
2023-11-03,128.020004272461,129.529998779297,127.860000610352,129.100006103516,26393100,128.215698242188
2023-11-06,129.050003051758,130.339996337891,128.669998168945,130.25,19052700,129.357803344727
2023-11-07,130.710006713867,131.910003662109,129.880004882812,130.970001220703,29757300,130.072875976562
2023-11-08,130.970001220703,132.210006713867,130.779998779297,131.839996337891,26425800,130.936920166016
2023-11-09,131.960006713867,132.550003051758,130.070007324219,130.240005493164,23747800,129.347869873047
2023-11-10,130.100006103516,132.800003051758,129.410003662109,132.589996337891,26913300,131.681793212891
2023-11-13,131.779998779297,132.589996337891,131.25,132.089996337891,18324800,131.185195922852
2023-11-14,134.190002441406,135.699996948242,133.320007324219,133.619995117188,32395200,132.704727172852
2023-11-15,134.869995117188,135.029998779297,133.570007324219,134.619995117188,23861500,133.697860717773
2023-11-16,135.190002441406,137.220001220703,134.320007324219,136.929992675781,28013200,135.992034912109
2023-11-17,136,136.059997558594,133.649993896484,135.309997558594,37240600,134.383117675781
2023-11-20,133.690002441406,136.660003662109,133.619995117188,136.25,27815500,135.316711425781
2023-11-21,136.289993286133,137.179992675781,135.960006713867,136.970001220703,22635300,136.031753540039
2023-11-22,137.470001220703,139.419998168945,137.470001220703,138.490005493164,17813900,137.541381835938
2023-11-24,138.029998779297,138.130004882812,135.990005493164,136.690002441406,12514300,135.753692626953
2023-11-27,136.029998779297,138.419998168945,136,136.410003662109,23436500,135.475616455078
2023-11-28,136.080001831055,137.25,135.419998168945,137.199996948242,18730000,136.260208129883
2023-11-29,137.570007324219,138.289993286133,134.839996337891,134.990005493164,23967200,134.065322875977
2023-11-30,135.050003051758,135.550003051758,131.279998779297,132.529998779297,38988300,131.622177124023
2023-12-01,131.860000610352,132.110000610352,130.669998168945,131.860000610352,31442300,130.956756591797
2023-12-04,129.880004882812,130.029998779297,127.900001525879,129.270004272461,36669900,128.384536743164
2023-12-05,128.949996948242,132.139999389648,128.25,130.990005493164,27384800,130.092742919922
2023-12-06,131.440002441406,131.839996337891,129.880004882812,130.020004272461,23576200,129.12939453125
2023-12-07,135.039993286133,138.559997558594,134.699996948242,136.929992675781,56767100,135.992034912109
2023-12-08,134.199996948242,136.399993896484,134.029998779297,134.990005493164,32260100,134.065322875977
2023-12-11,132.380004882812,133.339996337891,131.360000610352,133.289993286133,31138000,132.376968383789
2023-12-12,131.809997558594,133,131.259994506836,132.520004272461,29032800,131.612274169922
2023-12-13,133.380004882812,133.5,131.570007324219,132.570007324219,30104800,131.661926269531
2023-12-14,133.380004882812,133.720001220703,129.690002441406,131.940002441406,38722400,131.036224365234
2023-12-15,131.619995117188,133.509994506836,131.179992675781,132.600006103516,50847100,131.691711425781
2023-12-18,132.630004882812,137.149993896484,132.429992675781,135.800003051758,32258000,134.869812011719
2023-12-19,136.839996337891,137.470001220703,136.080001831055,136.649993896484,25476800,135.713958740234
2023-12-20,138.970001220703,141.699996948242,138.070007324219,138.339996337891,49107200,137.392395019531
2023-12-21,139.490005493164,140.690002441406,139.179992675781,140.419998168945,27488300,139.458145141602
2023-12-22,140.770004272461,141.990005493164,140.710006713867,141.490005493164,26532200,140.52082824707
2023-12-26,141.589996337891,142.679992675781,141.190002441406,141.520004272461,16780300,140.550598144531
2023-12-27,141.589996337891,142.080001831055,139.889999389648,140.369995117188,19628600,139.408493041992
2023-12-28,140.779998779297,141.139999389648,139.75,140.229995727539,16045700,139.269439697266
2023-12-29,139.630004882812,140.360000610352,138.779998779297,139.690002441406,18733000,138.733154296875
2024-01-02,138.550003051758,139.449996948242,136.479995727539,138.169998168945,23711200,137.223556518555
2024-01-03,137.25,139.630004882812,137.080001831055,138.919998168945,24212100,137.968414306641
2024-01-04,138.419998168945,139.160003662109,136.350006103516,136.389999389648,27137700,135.455749511719
2024-01-05,136.75,137.160003662109,135.149993896484,135.729995727539,22513900,134.800262451172
2024-01-08,136.289993286133,139.009994506836,136.259994506836,138.839996337891,21404000,137.888961791992
2024-01-09,138.5,141.490005493164,138.149993896484,140.949996948242,24759600,139.984527587891
2024-01-10,141,143,140.910003662109,142.279998779297,21320200,141.305389404297
2024-01-11,143.490005493164,145.220001220703,140.639999389648,142.080001831055,24008700,141.106781005859
2024-01-12,142.669998168945,143.199996948242,141.820007324219,142.649993896484,18785500,141.672866821289
2024-01-16,142,144.350006103516,141.449996948242,142.490005493164,22670500,141.51399230957
2024-01-17,141.350006103516,141.839996337891,138.899993896484,141.470001220703,20968600,140.500946044922
2024-01-18,142.050003051758,144.210006713867,141.990005493164,143.479995727539,25746400,142.497161865234
2024-01-19,144.740005493164,146.449996948242,144.380004882812,146.380004882812,34271900,145.377334594727
2024-01-22,147.100006103516,148.389999389648,145.839996337891,145.990005493164,32200400,144.990005493164
2024-01-23,145.889999389648,147.179992675781,145.5,147.039993286133,21636100,146.032775878906
2024-01-24,148.539993286133,149.850006103516,148.100006103516,148.699996948242,25233500,147.681427001953
2024-01-25,150.070007324219,153.050003051758,149.539993286133,151.869995117188,29149100,150.829696655273
2024-01-26,151.100006103516,152.539993286133,151.009994506836,152.190002441406,26115500,151.147506713867
2024-01-29,152.059997558594,153.779998779297,151.429992675781,153.509994506836,27784300,152.45849609375
2024-01-30,152.800003051758,153.619995117188,151.190002441406,151.460006713867,36331800,150.42253112793
2024-01-31,143.619995117188,144,139.869995117188,140.100006103516,71910000,139.140335083008
2024-02-01,142.119995117188,143.059997558594,140.789993286133,141.160003662109,40466500,140.193054199219
2024-02-02,139.259994506836,142.619995117188,136.5,142.380004882812,62499600,141.404724121094
2024-02-05,142.820007324219,145.470001220703,142.779998779297,143.679992675781,38505400,142.69580078125
2024-02-06,144.649993896484,145.360000610352,143.190002441406,144.100006103516,29128200,143.112945556641
2024-02-07,144.759994506836,145.619995117188,143.929992675781,145.539993286133,25208900,144.543060302734
2024-02-08,145.830001831055,146.330001831055,145.100006103516,145.910003662109,22563800,144.910552978516
2024-02-09,146.679992675781,149.440002441406,146.179992675781,149,26829500,147.979385375977
2024-02-12,148.419998168945,149.339996337891,147.369995117188,147.529998779297,21564100,146.519439697266
2024-02-13,144.919998168945,146.669998168945,143.690002441406,145.139999389648,27837700,144.145812988281
2024-02-14,146.080001831055,146.520004272461,144.089996337891,145.940002441406,22704200,144.940338134766
2024-02-15,143.139999389648,143.520004272461,140.460006713867,142.770004272461,37590700,141.792068481445
2024-02-16,142.990005493164,143.190002441406,140.139999389648,140.520004272461,31468900,139.557464599609
2024-02-20,139.660003662109,142.080001831055,139.490005493164,141.119995117188,25144700,140.153335571289
2024-02-21,141.449996948242,142.690002441406,140.679992675781,142.550003051758,23223300,141.57356262207
2024-02-22,144.929992675781,145,142.800003051758,144.089996337891,27191900,143.102996826172
2024-02-23,143.669998168945,144.679992675781,143.429992675781,143.960006713867,19493800,142.973907470703
2024-02-26,142.139999389648,142.440002441406,137.389999389648,137.570007324219,53641800,136.627670288086
2024-02-27,138.020004272461,139.25,137.089996337891,138.880004882812,33099200,137.9287109375
2024-02-28,137.899993896484,138.009994506836,135.410003662109,136.380004882812,37328600,135.445816040039
2024-02-29,137.279998779297,138.860000610352,136.399993896484,138.460006713867,42133000,137.511566162109
2024-03-01,138.429992675781,138.869995117188,136.919998168945,137.139999389648,31151100,136.200622558594
2024-03-04,135.660003662109,135.660003662109,131.910003662109,133.350006103516,55999400,132.436584472656
2024-03-05,131.880004882812,133.240005493164,130.669998168945,132.669998168945,40194800,131.761245727539
2024-03-06,133.119995117188,133.580001831055,130.850006103516,131.399993896484,35318600,130.499923706055
2024-03-07,132.789993286133,134.940002441406,131.610000610352,134.380004882812,37738200,133.459518432617
2024-03-08,134.210006713867,138.089996337891,134,135.410003662109,39370400,134.482482910156
2024-03-11,136.130004882812,139.100006103516,136.130004882812,137.669998168945,32437800,136.726974487305
2024-03-12,137.029998779297,139.380004882812,137.029998779297,138.5,27563400,137.551300048828
2024-03-13,139,141.089996337891,138.990005493164,139.789993286133,23347200,138.832443237305
2024-03-14,141.190002441406,143.589996337891,140.460006713867,143.100006103516,42753400,142.119781494141
2024-03-15,142.5,143.179992675781,140.029998779297,141.179992675781,49475400,140.212936401367
2024-03-18,148.610000610352,152.149993896484,147.169998168945,147.679992675781,69273700,146.668395996094
2024-03-19,148.160003662109,148.789993286133,146.080001831055,147.029998779297,24070400,146.022872924805
2024-03-20,148,148.860000610352,146.740005493164,148.740005493164,21311500,147.721160888672
2024-03-21,149.470001220703,150.369995117188,146.899993896484,147.600006103516,24755600,146.588958740234
2024-03-22,149.119995117188,151.580001831055,148.979995727539,150.770004272461,29211800,149.737228393555
2024-03-25,149.940002441406,150.380004882812,147.820007324219,150.070007324219,19229300,149.042053222656
2024-03-26,150.220001220703,152.259994506836,149.979995727539,150.669998168945,22149100,149.637939453125
2024-03-27,151.179992675781,151.639999389648,148.899993896484,150.869995117188,22879200,149.836563110352
2024-03-28,150.850006103516,151.429992675781,150.169998168945,150.929992675781,24485400,149.896148681641
2024-04-01,150.690002441406,155.740005493164,150.610000610352,155.490005493164,31730800,154.424926757812
2024-04-02,153.5,154.699996948242,152.149993896484,154.559997558594,24586000,153.501281738281
2024-04-03,153.600006103516,155.080001831055,152.729995727539,154.919998168945,24705000,153.858810424805
2024-04-04,153.5,154.770004272461,150.449996948242,150.529998779297,34724700,149.498870849609
2024-04-05,150.029998779297,153.419998168945,149.600006103516,152.5,23459200,151.45539855957
2024-04-08,152.779998779297,155.270004272461,152.610000610352,154.850006103516,20702000,153.789306640625
2024-04-09,156.089996337891,158.559997558594,155.190002441406,156.600006103516,31079500,155.527328491211
2024-04-10,156.210006713867,156.610000610352,154.679992675781,156.139999389648,22838600,155.070449829102
2024-04-11,156.910003662109,159.679992675781,156.460006713867,159.410003662109,27166400,158.318069458008
2024-04-12,157.960006713867,160.220001220703,157.139999389648,157.729995727539,25353700,156.649566650391
2024-04-15,158.860000610352,159.240005493164,154.589996337891,154.860000610352,27136500,153.799240112305
2024-04-16,154.190002441406,155.649993896484,153.429992675781,154.399993896484,20779500,153.342376708984
2024-04-17,155.619995117188,157.080001831055,154.580001831055,155.470001220703,21763100,154.405044555664
2024-04-18,155.339996337891,156.940002441406,154.619995117188,156.009994506836,19883000,154.941345214844
2024-04-19,156.199996948242,156.360000610352,152.300003051758,154.089996337891,32615600,153.03450012207
2024-04-22,154.309997558594,157.639999389648,154.059997558594,156.279998779297,26446200,155.209503173828
2024-04-23,156.960006713867,158.970001220703,156.279998779297,158.259994506836,21151600,157.175918579102
2024-04-24,157.490005493164,159.570007324219,157.169998168945,159.130004882812,22779100,158.039978027344
2024-04-25,151.330001831055,156.490005493164,150.869995117188,156,57109700,154.931411743164
2024-04-26,174.369995117188,174.710006713867,169.649993896484,171.949996948242,64665300,170.772155761719
2024-04-29,169.059997558594,169.550003051758,165.210006713867,166.149993896484,45610000,165.011917114258
2024-04-30,165.610000610352,168.100006103516,162.600006103516,162.779998779297,33562900,161.664978027344
2024-05-01,164.300003051758,167.119995117188,163.089996337891,163.860000610352,33493200,162.737594604492
2024-05-02,164.789993286133,166.729995727539,163.889999389648,166.619995117188,24294500,165.478668212891
2024-05-03,167.559997558594,167.960006713867,163.050003051758,167.240005493164,34662400,166.094436645508
2024-05-06,167.460006713867,168.139999389648,166.029998779297,168.100006103516,21871300,166.94856262207
2024-05-07,168.5,171.759994506836,168.389999389648,171.25,28039700,170.076965332031
2024-05-08,169,170.149993896484,168.740005493164,169.380004882812,19569100,168.219787597656
2024-05-09,169.389999389648,170.690002441406,168.179992675781,169.960006713867,15346700,168.795806884766
2024-05-10,168.029998779297,169.850006103516,166.190002441406,168.649993896484,29799900,167.494766235352
2024-05-13,164.259994506836,169.279998779297,164,169.139999389648,31327600,167.981414794922
2024-05-14,169.770004272461,171.25,168.800003051758,170.339996337891,25127100,169.173202514648
2024-05-15,170.630004882812,172.649993896484,170.509994506836,172.509994506836,26948400,171.328338623047
2024-05-16,173.289993286133,175.119995117188,172.690002441406,174.179992675781,27867900,172.986892700195
2024-05-17,174.179992675781,176.270004272461,173.690002441406,176.059997558594,24479300,174.854019165039
2024-05-20,176.190002441406,178.770004272461,176.080001831055,176.919998168945,22554400,175.708114624023
2024-05-21,176.899993896484,178.149993896484,175.809997558594,177.850006103516,16989400,176.631774902344
2024-05-22,176.639999389648,177.149993896484,175.210006713867,176.380004882812,17880000,175.171813964844
2024-05-23,177.070007324219,178.25,172.949996948242,173.550003051758,21024900,172.361221313477
2024-05-24,174.979995727539,175.770004272461,173.649993896484,174.990005493164,16579400,173.791351318359
2024-05-28,174.449996948242,177.270004272461,174.369995117188,176.399993896484,20572200,175.191680908203
2024-05-29,175.429992675781,176.839996337891,174.720001220703,175.899993896484,23388700,174.695098876953
2024-05-30,175.199996948242,175.220001220703,171.789993286133,172.110000610352,22931500,170.931076049805
2024-05-31,171.860000610352,173.059997558594,169.440002441406,172.5,37638900,171.318389892578
2024-06-03,172.539993286133,174.529998779297,171.160003662109,173.169998168945,27459100,171.983810424805
2024-06-04,173.279998779297,173.850006103516,171.889999389648,173.789993286133,26879600,172.599563598633
2024-06-05,175.199996948242,176.649993896484,173.929992675781,175.410003662109,22068500,174.208465576172
2024-06-06,175.899993896484,177.149993896484,175.75,176.729995727539,23251000,175.519439697266
2024-06-07,177.050003051758,177.869995117188,174.300003051758,174.460006713867,19661400,173.26496887207
2024-06-10,174.970001220703,177.059997558594,172.759994506836,175.009994506836,23726700,174.010681152344
2024-06-11,176.220001220703,176.839996337891,173.770004272461,176.619995117188,21540600,175.611480712891
2024-06-12,178.25,180.410003662109,176.110000610352,177.789993286133,27864700,176.774810791016
2024-06-13,176.110000610352,176.740005493164,174.880004882812,175.160003662109,20913300,174.159851074219
2024-06-14,174.220001220703,177.059997558594,174.149993896484,176.789993286133,18063600,175.780517578125
2024-06-17,175.460006713867,178.360000610352,174.809997558594,177.240005493164,19618500,176.227951049805
2024-06-18,177.139999389648,177.389999389648,174.100006103516,175.089996337891,21869900,174.090225219727
2024-06-20,175.369995117188,177.289993286133,174.990005493164,176.300003051758,20160100,175.293334960938
2024-06-21,177,180.850006103516,176.610000610352,179.630004882812,57759000,178.604309082031
2024-06-24,180.160003662109,180.889999389648,178.669998168945,179.220001220703,18298000,178.196640014648
2024-06-25,179.619995117188,184.289993286133,179.419998168945,184.029998779297,23130200,182.979187011719
2024-06-26,182.630004882812,184.509994506836,182.479995727539,183.880004882812,19839000,182.830047607422
2024-06-27,184.179992675781,186.050003051758,184.020004272461,185.410003662109,18848900,184.351318359375
2024-06-28,184.320007324219,185.130004882812,181.960006713867,182.149993896484,29156600,181.109909057617
2024-07-01,183.029998779297,183.880004882812,181.300003051758,182.990005493164,16006100,181.945114135742
2024-07-02,182.050003051758,185.570007324219,181.559997558594,185.240005493164,17372500,184.182266235352
2024-07-03,184.850006103516,186.089996337891,184,185.820007324219,10242100,184.758972167969
2024-07-05,185.860000610352,190.860000610352,185.800003051758,190.600006103516,20967500,189.511657714844
2024-07-08,189.899993896484,190.169998168945,187.779998779297,189.029998779297,21035900,187.950637817383
2024-07-09,190.309997558594,191.360000610352,188.720001220703,188.979995727539,15121400,187.900924682617
2024-07-10,189.149993896484,191.75,189.029998779297,191.179992675781,15952500,190.088348388672
2024-07-11,189.850006103516,190.860000610352,185.080001831055,185.570007324219,25625800,184.51042175293
2024-07-12,185.080001831055,187.110000610352,184.490005493164,185.070007324219,22898400,184.013259887695
2024-07-15,184.919998168945,188.240005493164,184.919998168945,186.529998779297,16474000,185.464920043945
2024-07-16,187.360000610352,188.679992675781,183.369995117188,183.919998168945,18290700,182.869812011719
2024-07-17,182.970001220703,183.550003051758,179.899993896484,181.020004272461,20734100,179.986389160156
2024-07-18,181.929992675781,182.5,176.470001220703,177.690002441406,25315700,176.675384521484
2024-07-19,178.880004882812,180.289993286133,177.130004882812,177.660003662109,18881900,176.645553588867
2024-07-22,180.589996337891,182.699996948242,180.229995727539,181.669998168945,24100300,180.632659912109
2024-07-23,182.050003051758,183.610000610352,181.539993286133,181.789993286133,36352700,180.751968383789
2024-07-24,173.600006103516,176.190002441406,171.820007324219,172.630004882812,49585200,171.644287109375
2024-07-25,172.520004272461,173.419998168945,167.190002441406,167.279998779297,44852000,166.324829101562
2024-07-26,167.149993896484,168.089996337891,164.059997558594,167,41336900,166.046432495117
2024-07-29,168.830001831055,170.429992675781,167.990005493164,169.529998779297,20293800,168.561981201172
2024-07-30,170.240005493164,171.229995727539,168.440002441406,170.289993286133,18959700,169.317626953125
2024-07-31,173.240005493164,174.25,170.009994506836,171.539993286133,25729100,170.560501098633
2024-08-01,170.25,174.050003051758,168.880004882812,170.759994506836,24531400,169.784957885742
2024-08-02,166.440002441406,168.509994506836,164.669998168945,166.660003662109,29130100,165.708358764648
2024-08-05,155.5,164.429992675781,154.929992675781,159.25,53630700,158.340682983398
2024-08-06,159.330001831055,160.570007324219,156.410003662109,158.289993286133,49004600,157.386154174805
2024-08-07,161.25,162.979995727539,158.470001220703,158.940002441406,25138600,158.032440185547
2024-08-08,160.509994506836,163.690002441406,160.210006713867,162.029998779297,25578800,161.10481262207
2024-08-09,160.009994506836,163.789993286133,159.059997558594,163.669998168945,28602300,162.735443115234
2024-08-12,164.350006103516,164.899993896484,161.839996337891,162.289993286133,15895300,161.363311767578
2024-08-13,163.410003662109,164.729995727539,162.970001220703,164.160003662109,18551700,163.222640991211
2024-08-14,162.399993896484,163.220001220703,157.710006713867,160.369995117188,40591100,159.454299926758
2024-08-15,160.5,161.639999389648,159.610000610352,161.300003051758,31524300,160.378967285156
2024-08-16,161.470001220703,165.059997558594,161.130004882812,162.960006713867,24208600,162.029495239258
2024-08-19,165.279998779297,166.690002441406,164.259994506836,166.669998168945,22416200,165.718322753906
2024-08-20,166.899993896484,168.639999389648,166.820007324219,167.179992675781,18341500,166.225387573242
2024-08-21,165.149993896484,166.850006103516,164.669998168945,165.850006103516,22902000,164.903015136719
2024-08-22,167.259994506836,167.589996337891,163.309997558594,163.800003051758,22493300,162.864685058594
2024-08-23,164.720001220703,166.179992675781,163.830001831055,165.619995117188,13955700,164.67431640625
2024-08-26,166.380004882812,167.550003051758,164.460006713867,166.160003662109,14190400,165.211227416992
2024-08-27,165.839996337891,166.440002441406,164.460006713867,164.679992675781,11821900,163.739654541016
2024-08-28,165.039993286133,165.600006103516,161.529998779297,162.850006103516,16407400,161.920135498047
2024-08-29,164.309997558594,165.970001220703,160.25,161.779998779297,19699800,160.856216430664
2024-08-30,162.619995117188,163.660003662109,161.690002441406,163.380004882812,22123800,162.447113037109
2024-09-03,161.720001220703,161.850006103516,156.479995727539,157.360000610352,38945300,156.461471557617
2024-09-04,156.660003662109,159,155.960006713867,156.449996948242,19353800,155.556671142578
2024-09-05,156.300003051758,159.449996948242,155.979995727539,157.240005493164,18688700,156.342178344727
2024-09-06,157.300003051758,157.830001831055,150.550003051758,150.919998168945,37912100,150.058227539062
2024-09-09,152.509994506836,153.399993896484,147.220001220703,148.710006713867,39260500,148.057083129883
2024-09-10,150.449996948242,151.270004272461,148.339996337891,148.660003662109,31118800,148.007293701172
2024-09-11,149.919998168945,151.5,147.520004272461,151.160003662109,29607700,150.496307373047
2024-09-12,153.800003051758,154.820007324219,152.649993896484,154.690002441406,29621500,154.010818481445
2024-09-13,155.429992675781,158.380004882812,155.210006713867,157.460006713867,29591200,156.768676757812
2024-09-16,157.309997558594,158.25,156.600006103516,158.059997558594,18379800,157.366012573242
2024-09-17,159.020004272461,160.550003051758,158.380004882812,159.320007324219,20715600,158.620483398438
2024-09-18,159.860000610352,160.5,158.600006103516,159.809997558594,23677300,159.108322143555
2024-09-19,163.710006713867,163.789993286133,161.339996337891,162.139999389648,26587700,161.428100585938
2024-09-20,163.5,163.729995727539,162.059997558594,163.589996337891,40896400,162.871734619141
2024-09-23,164.350006103516,165.490005493164,161.669998168945,161.850006103516,24150900,161.139389038086
2024-09-24,163.029998779297,163.220001220703,160.690002441406,162.289993286133,23332100,161.577438354492
2024-09-25,161.470001220703,162.809997558594,161.300003051758,161.490005493164,18869200,160.780960083008
2024-09-26,163.639999389648,164.080001831055,162.279998779297,162.729995727539,20319300,162.015502929688
2024-09-27,162.809997558594,165.699996948242,162.630004882812,163.949996948242,21101300,163.23014831543
2024-09-30,163.320007324219,166.149993896484,163.259994506836,165.850006103516,20413900,165.121826171875
2024-10-01,167.690002441406,169.160003662109,164.580001831055,166.990005493164,28338100,166.256790161133
2024-10-02,166.419998168945,167.520004272461,164.729995727539,165.860000610352,17760200,165.131774902344
2024-10-03,164.410003662109,166.639999389648,163.919998168945,165.860000610352,15073100,165.131774902344
2024-10-04,168.059997558594,168.229995727539,165.479995727539,167.059997558594,19047400,166.32649230957
2024-10-07,167.720001220703,168.479995727539,162.75,162.979995727539,22463100,162.264404296875
2024-10-08,163.940002441406,164.729995727539,162.869995117188,164.380004882812,23072700,163.658264160156
2024-10-09,163.449996948242,164.839996337891,159.740005493164,161.860000610352,31181800,161.149337768555
2024-10-10,160.869995117188,163.070007324219,160.399993896484,162.080001831055,14144100,161.368362426758
2024-10-11,162.130004882812,163.899993896484,161.240005493164,163.240005493164,15344300,162.523284912109
2024-10-14,163.639999389648,166.229995727539,163.399993896484,164.960006713867,19016100,164.235717773438
2024-10-15,165.789993286133,167.679992675781,164.630004882812,165.460006713867,20247200,164.733535766602
2024-10-16,164.529998779297,165.800003051758,163.740005493164,165.160003662109,16406000,164.434844970703
2024-10-17,165.729995727539,166.369995117188,162.759994506836,162.929992675781,21453400,162.214614868164
2024-10-18,163.190002441406,164.710006713867,163.080001831055,163.419998168945,19757700,162.70246887207
2024-10-21,162.949996948242,164.5,162.619995117188,164.070007324219,20946500,163.349639892578
2024-10-22,162.979995727539,165.770004272461,162.979995727539,165.139999389648,16568100,164.414932250977
2024-10-23,164.759994506836,165.820007324219,161.929992675781,162.779998779297,18280500,162.065292358398
2024-10-24,162.830001831055,163.330001831055,161.009994506836,162.720001220703,22412500,162.005554199219
2024-10-25,163.669998168945,165.589996337891,163.419998168945,165.270004272461,19828900,164.544372558594
2024-10-28,168.75,168.75,163.949996948242,166.720001220703,32138600,165.987991333008
2024-10-29,167.729995727539,170.380004882812,167.089996337891,169.679992675781,42169000,168.934982299805
2024-10-30,180.679992675781,182.020004272461,174.059997558594,174.460006713867,68890800,173.69401550293
2024-10-31,173.130004882812,176.820007324219,171,171.110000610352,44769000,170.35871887207
2024-11-01,170.070007324219,172.320007324219,168.880004882812,171.289993286133,31796500,170.53791809082
2024-11-04,169.929992675781,170.729995727539,168.009994506836,169.240005493164,21492700,168.496932983398
2024-11-05,169.429992675781,170.529998779297,168.839996337891,169.740005493164,18242100,168.994735717773
2024-11-06,173.800003051758,176.940002441406,173.5,176.509994506836,33695500,175.735000610352
2024-11-07,177.410003662109,181.080001831055,177.190002441406,180.75,25352900,179.956390380859
2024-11-08,180.649993896484,180.899993896484,178.080001831055,178.350006103516,22006200,177.566940307617
2024-11-11,178.580001831055,180.550003051758,178.470001220703,180.350006103516,17450400,179.558151245117
2024-11-12,179.820007324219,182.490005493164,179.389999389648,181.619995117188,25134900,180.822570800781
2024-11-13,180.460006713867,180.960006713867,178.539993286133,178.880004882812,23184000,178.094604492188
2024-11-14,178.279998779297,178.820007324219,174.320007324219,175.580001831055,31007500,174.809097290039
2024-11-15,173.729995727539,174.139999389648,171.220001220703,172.490005493164,32504600,171.732666015625
2024-11-18,173.419998168945,175.440002441406,172.899993896484,175.300003051758,20135300,174.530319213867
2024-11-19,173.720001220703,178.869995117188,173.559997558594,178.119995117188,23434900,177.337921142578
2024-11-20,177.339996337891,177.679992675781,173.779998779297,175.979995727539,18997100,175.207336425781
2024-11-21,173.899993896484,174.130004882812,163.699996948242,167.630004882812,59734400,166.893997192383
2024-11-22,165.850006103516,166.460006713867,163.899993896484,164.759994506836,38604600,164.036590576172
2024-11-25,166.089996337891,168.630004882812,165.610000610352,167.649993896484,33135300,166.913909912109
2024-11-26,167.630004882812,169.820007324219,167.580001831055,169.119995117188,20486700,168.377456665039
2024-11-27,169,169.479995727539,168.020004272461,169.229995727539,19266500,168.486953735352
2024-11-29,168.5,169.429992675781,167.160003662109,168.949996948242,14257200,168.208190917969
2024-12-02,168.770004272461,172.080001831055,168.570007324219,171.490005493164,23789100,170.737045288086
2024-12-03,171.490005493164,172.679992675781,170.850006103516,171.339996337891,22248700,170.587692260742
2024-12-04,171.149993896484,174.910003662109,171.059997558594,174.369995117188,31615100,173.604415893555
2024-12-05,175.360000610352,176.059997558594,172.330001831055,172.639999389648,21356200,171.88200378418
2024-12-06,172.029998779297,175.080001831055,171.860000610352,174.710006713867,21462400,173.942916870117
2024-12-09,173.960006713867,176.259994506836,173.649993896484,175.369995117188,25389600,174.800109863281
2024-12-10,182.850006103516,186.360000610352,181.050003051758,185.169998168945,54813000,184.568267822266
2024-12-11,185.309997558594,195.610000610352,184.850006103516,195.399993896484,67894100,194.765029907227
2024-12-12,195,195.179992675781,191.710006713867,191.960006713867,34817500,191.336212158203
2024-12-13,191.009994506836,192.729995727539,189.639999389648,189.820007324219,25143500,189.203155517578
2024-12-16,192.869995117188,199,192.619995117188,196.660003662109,44934900,196.020935058594
2024-12-17,197.25,201.419998168945,194.979995727539,195.419998168945,43504000,194.784957885742
2024-12-18,195.220001220703,197,187.740005493164,188.399993896484,34166100,187.78776550293
2024-12-19,191.630004882812,193.029998779297,188.380004882812,188.509994506836,32265200,187.897415161133
2024-12-20,185.779998779297,192.889999389648,185.220001220703,191.410003662109,63462900,190.787994384766
2024-12-23,192.619995117188,195.100006103516,190.149993896484,194.630004882812,25675000,193.997543334961
2024-12-24,194.839996337891,196.110000610352,193.779998779297,196.110000610352,10403300,195.472717285156
2024-12-26,195.149993896484,196.75,194.380004882812,195.600006103516,12046600,194.964385986328
2024-12-27,194.949996948242,195.320007324219,190.649993896484,192.759994506836,18891400,192.133590698242
2024-12-30,189.800003051758,192.550003051758,189.119995117188,191.240005493164,14264700,190.618560791016
2024-12-31,191.080001831055,191.960006713867,188.509994506836,189.300003051758,17466900,188.684860229492
2025-01-02,190.649993896484,192,187.5,189.429992675781,20370800,188.814422607422
2025-01-03,191.369995117188,193.210006713867,189.979995727539,191.789993286133,18596200,191.166748046875
2025-01-06,193.979995727539,198.220001220703,193.850006103516,196.869995117188,29563600,196.230255126953
2025-01-07,197.110000610352,201,194.600006103516,195.490005493164,26487200,194.854736328125
2025-01-08,192.570007324219,196.289993286133,192.380004882812,193.949996948242,24864800,193.319747924805
2025-01-10,194.300003051758,196.520004272461,190.309997558594,192.039993286133,26665200,191.415924072266
2025-01-13,190.070007324219,191.179992675781,187.360000610352,191.009994506836,21823700,190.389297485352
2025-01-14,191.240005493164,191.979995727539,188.309997558594,189.660003662109,17174900,189.043670654297
2025-01-15,193.089996337891,196.360000610352,191.860000610352,195.550003051758,21776000,194.914535522461
2025-01-16,194.139999389648,195.479995727539,192.809997558594,192.910003662109,17815400,192.283111572266
2025-01-17,196.529998779297,197.229995727539,193.75,196,27735100,195.363082885742
2025-01-21,199.070007324219,202.289993286133,197.869995117188,198.050003051758,29971300,197.40641784668
2025-01-22,199.059997558594,200.479995727539,197.529998779297,198.369995117188,26200600,197.725372314453
2025-01-23,198.139999389648,200.300003051758,195.199996948242,197.979995727539,26951400,197.336654663086
2025-01-24,198.100006103516,200.899993896484,198,200.210006713867,23877500,199.55940246582
2025-01-27,192.410003662109,196.880004882812,190.729995727539,191.809997558594,41728900,191.186706542969
2025-01-28,192.75,195.479995727539,190.679992675781,195.300003051758,24157900,194.66535949707
2025-01-29,195.559997558594,196.789993286133,193.429992675781,195.410003662109,18218300,194.774993896484
2025-01-30,198,201.399993896484,197.669998168945,200.869995117188,24354700,200.217254638672
2025-01-31,202,205.479995727539,201.800003051758,204.020004272461,32001100,203.357025146484
2025-02-03,200.690002441406,203.75,200.100006103516,201.229995727539,27838300,200.576080322266
2025-02-04,203.389999389648,207.050003051758,202.809997558594,206.380004882812,43856400,205.709350585938
2025-02-05,191.070007324219,192.75,188.029998779297,191.330001831055,70373900,190.708267211914
2025-02-06,189.5,192.100006103516,188.720001220703,191.600006103516,29297400,190.977386474609
2025-02-07,191.050003051758,191.179992675781,183.240005493164,185.339996337891,49315000,184.737701416016
2025-02-10,187.350006103516,188.199996948242,185.860000610352,186.470001220703,23105600,185.864044189453
2025-02-11,185.029998779297,186.940002441406,184.279998779297,185.320007324219,21239500,184.717788696289
2025-02-12,183.220001220703,185.110000610352,181.830001831055,183.610000610352,22072600,183.013336181641
2025-02-13,184.320007324219,186.279998779297,183.139999389648,186.139999389648,21402500,185.535110473633
2025-02-14,185.059997558594,186.399993896484,184.320007324219,185.229995727539,20448400,184.628082275391
2025-02-18,185.600006103516,185.960006713867,181.740005493164,183.770004272461,29916700,183.172836303711
2025-02-19,184.070007324219,185.460006713867,183.589996337891,185.270004272461,19549400,184.667953491211
2025-02-20,184.800003051758,185.309997558594,182.720001220703,184.559997558594,20441500,183.960250854492
2025-02-21,185.149993896484,185.339996337891,179.080001831055,179.660003662109,35199200,179.076171875
2025-02-24,181.990005493164,183.119995117188,178.889999389648,179.25,29854200,178.667510986328
2025-02-25,178.039993286133,178.740005493164,174.690002441406,175.419998168945,41913400,174.849945068359
2025-02-26,175.070007324219,176.080001831055,171.580001831055,172.729995727539,35431300,172.168685913086
2025-02-27,173.990005493164,174.559997558594,167.940002441406,168.5,39991000,167.952438354492
2025-02-28,168.679992675781,170.610000610352,166.770004272461,170.279998779297,48130600,169.726654052734
2025-03-03,171.929992675781,173.369995117188,165.929992675781,167.009994506836,40770500,166.467269897461
2025-03-04,166.240005493164,173.289993286133,165.800003051758,170.919998168945,45388000,170.36457824707
2025-03-05,170.520004272461,173.779998779297,169.059997558594,173.020004272461,30954900,172.457763671875
2025-03-06,170.529998779297,174.809997558594,170.5,172.350006103516,28302000,171.789947509766
2025-03-07,171.259994506836,174.970001220703,170.270004272461,173.860000610352,27385800,173.295028686523
2025-03-10,168.259994506836,168.460006713867,163.690002441406,165.869995117188,43604000,165.521392822266
2025-03-11,164.910003662109,166.75,161.369995117188,164.039993286133,39587400,163.695236206055
2025-03-12,166.580001831055,167.639999389648,163.529998779297,167.110000610352,28372400,166.7587890625
2025-03-13,166.039993286133,166.130004882812,162.110000610352,162.759994506836,31756200,162.417938232422
2025-03-14,163.270004272461,166.490005493164,162.449996948242,165.490005493164,31995900,165.142196655273
2025-03-17,165.029998779297,166.300003051758,163.669998168945,164.289993286133,31184300,163.944702148438
2025-03-18,163.679992675781,164.25,156.720001220703,160.669998168945,42074800,160.332321166992
2025-03-19,161.759994506836,165.869995117188,161,163.889999389648,34275600,163.545562744141
2025-03-20,161.570007324219,164.889999389648,160.960006713867,162.800003051758,28138500,162.457855224609
2025-03-21,161.210006713867,164.240005493164,160.889999389648,163.990005493164,36625800,163.645355224609
2025-03-24,167.070007324219,168.320007324219,165.139999389648,167.679992675781,30879100,167.327590942383
2025-03-25,168.979995727539,170.630004882812,168.320007324219,170.559997558594,24174400,170.201538085938
2025-03-26,169,169.610000610352,164.839996337891,165.059997558594,28901600,164.713088989258
2025-03-27,164.630004882812,165.419998168945,162,162.240005493164,24508300,161.899032592773
2025-03-28,160.490005493164,161.820007324219,153.630004882812,154.330001831055,48669300,154.005661010742
2025-03-31,153.110000610352,155.539993286133,150.660003662109,154.639999389648,54603500,154.315002441406
2025-04-01,153.619995117188,158.100006103516,153.619995117188,157.070007324219,30672900,156.739898681641
2025-04-02,155.149993896484,158.410003662109,154.699996948242,157.039993286133,25041700,156.709945678711
2025-04-03,151.110000610352,152.779998779297,150.389999389648,150.720001220703,46883400,150.403244018555
2025-04-04,148.009994506836,151.070007324219,145.380004882812,145.600006103516,62259500,145.294006347656
2025-04-07,141.550003051758,152.850006103516,140.529998779297,146.75,76794100,146.44157409668
2025-04-08,151.220001220703,152.240005493164,143.029998779297,144.699996948242,52200200,144.395889282227
2025-04-09,144.419998168945,159.550003051758,143.910003662109,158.710006713867,70406200,158.376449584961
2025-04-10,156.539993286133,157.720001220703,149.929992675781,152.820007324219,48022000,152.498825073242
2025-04-11,152.899993896484,157.669998168945,152.820007324219,157.139999389648,33636200,156.809753417969
2025-04-14,160,161.720001220703,157.559997558594,159.070007324219,30333000,158.735702514648
2025-04-15,159.130004882812,159.649993896484,155.210006713867,156.309997558594,27551500,155.981491088867
2025-04-16,153.100006103516,155.889999389648,151.509994506836,153.330001831055,28187400,153.007751464844
2025-04-17,154.289993286133,154.679992675781,148.5,151.160003662109,33046600,150.842315673828
2025-04-21,148.880004882812,148.949996948242,146.100006103516,147.669998168945,26049100,147.359649658203
2025-04-22,148.889999389648,152.190002441406,148.539993286133,151.470001220703,26971800,151.151657104492
2025-04-23,155.610000610352,157.529998779297,153.809997558594,155.350006103516,31128800,155.023513793945
2025-04-24,156.149993896484,159.589996337891,155.789993286133,159.279998779297,45894000,158.945236206055
2025-04-25,165.070007324219,166.100006103516,161.039993286133,161.960006713867,56034000,161.61962890625
2025-04-28,162.429992675781,163.149993896484,158.600006103516,160.610000610352,29745800,160.2724609375
2025-04-29,160.320007324219,160.740005493164,157.520004272461,160.160003662109,26809000,159.82341003418
2025-04-30,157.979995727539,159.270004272461,155.399993896484,158.800003051758,34981100,158.466262817383
2025-05-01,160.449996948242,161.949996948242,158.910003662109,161.300003051758,30203200,160.960998535156
2025-05-02,163.410003662109,164.970001220703,161.869995117188,164.029998779297,25715000,163.685272216797
2025-05-05,163,165.389999389648,162.720001220703,164.210006713867,21341800,163.864898681641
2025-05-06,162.169998168945,164.800003051758,161.190002441406,163.229995727539,21277200,162.886932373047
2025-05-07,164.080001831055,165,147.839996337891,151.380004882812,127490100,151.061859130859
2025-05-08,155,155.929992675781,152.899993896484,154.279998779297,57498700,153.955764770508
2025-05-09,154.169998168945,155.050003051758,152.199996948242,152.75,32435300,152.428970336914
2025-05-12,157.490005493164,159.100006103516,156.25,158.460006713867,44138800,158.126968383789
2025-05-13,158.789993286133,160.570007324219,156.160003662109,159.529998779297,42382100,159.194717407227
2025-05-14,159.960006713867,167,159.610000610352,165.369995117188,48755900,165.022445678711
2025-05-15,165.839996337891,166.210006713867,162.369995117188,163.960006713867,33146700,163.615417480469
2025-05-16,167.729995727539,169.350006103516,165.619995117188,166.190002441406,42846900,165.840728759766
2025-05-19,164.509994506836,166.639999389648,164.220001220703,166.539993286133,30426100,166.189987182617
2025-05-20,166.429992675781,168.5,162.899993896484,163.979995727539,46607700,163.635375976562
2025-05-21,163.690002441406,173.139999389648,163.559997558594,168.559997558594,73416000,168.205749511719
2025-05-22,171.850006103516,176.770004272461,170.710006713867,170.869995117188,74864400,170.510894775391
2025-05-23,169.059997558594,169.960006713867,167.889999389648,168.470001220703,35211400,168.115936279297
2025-05-27,170.160003662109,173.169998168945,170,172.899993896484,37995700,172.53662109375
2025-05-28,173.160003662109,175.270004272461,171.910003662109,172.360000610352,34784000,171.997756958008
2025-05-29,174,174.419998168945,170.630004882812,171.860000610352,29317300,171.498809814453
2025-05-30,171.350006103516,172.210006713867,167.440002441406,171.740005493164,52639900,171.37907409668
2025-06-02,167.839996337891,169.869995117188,167.389999389648,169.029998779297,38612300,168.674758911133
2025-06-03,167.490005493164,168.479995727539,165.279998779297,166.179992675781,45084900,165.830749511719
2025-06-04,166.740005493164,168.220001220703,166.360000610352,168.050003051758,26900800,167.696807861328
2025-06-05,170.339996337891,170.929992675781,167.589996337891,168.210006713867,36379100,167.856491088867
2025-06-06,170.830001831055,174.5,170.830001831055,173.679992675781,35731800,173.314971923828
2025-06-09,174.539993286133,176.470001220703,174.369995117188,176.089996337891,28935900,175.932647705078
2025-06-10,176.199996948242,181.110000610352,174.910003662109,178.600006103516,61766100,178.440414428711
2025-06-11,179.770004272461,180.369995117188,176.75,177.350006103516,31646800,177.191528320312
2025-06-12,176.179992675781,176.720001220703,174.75,175.699996948242,20941900,175.542999267578
2025-06-13,172.440002441406,177.130004882812,172.389999389648,174.669998168945,27663100,174.513916015625
2025-06-16,174.729995727539,176.940002441406,174.649993896484,176.770004272461,27389200,176.612045288086
2025-06-17,175.699996948242,177.360000610352,174.580001831055,175.949996948242,24973000,175.792770385742
2025-06-18,176.009994506836,176.559997558594,173.199996948242,173.320007324219,28707500,173.165130615234
2025-06-20,173.949996948242,174.339996337891,165.460006713867,166.639999389648,75659900,166.491088867188
2025-06-23,166.270004272461,167.339996337891,162,165.190002441406,57671000,165.042388916016
2025-06-24,166.919998168945,168.220001220703,166.130004882812,166.770004272461,40524300,166.620986938477
2025-06-25,167.630004882812,172.360000610352,167.550003051758,170.679992675781,35479000,170.527481079102
2025-06-26,172.429992675781,173.690002441406,169.940002441406,173.539993286133,31796700,173.384918212891
2025-06-27,173.539993286133,178.679992675781,171.729995727539,178.529998779297,108140200,178.370468139648
2025-06-30,180.779998779297,181.229995727539,174.580001831055,176.229995727539,63378900,176.072525024414
2025-07-01,175.740005493164,176.089996337891,173.529998779297,175.839996337891,35904500,175.682861328125
2025-07-02,175.539993286133,178.860000610352,175.070007324219,178.639999389648,29128900,178.480361938477
2025-07-03,178.5,179.669998168945,177.050003051758,179.529998779297,21689700,179.369567871094
2025-07-07,179.059997558594,179.300003051758,175.679992675781,176.789993286133,34175600,176.632019042969
2025-07-08,177.850006103516,177.949996948242,172.809997558594,174.360000610352,40442500,174.204193115234
2025-07-09,175.25,179.440002441406,172.770004272461,176.619995117188,43025600,176.462173461914
2025-07-10,175.630004882812,178.429992675781,174.380004882812,177.619995117188,29252400,177.461273193359
2025-07-11,176.789993286133,181.429992675781,176.479995727539,180.190002441406,34282900,180.028991699219
2025-07-14,181.009994506836,183.669998168945,179.679992675781,181.559997558594,32536600,181.397750854492
2025-07-15,182.809997558594,184.220001220703,181.600006103516,182,33448300,181.837371826172
2025-07-16,183.240005493164,184.330001831055,182.029998779297,182.970001220703,33104200,182.806503295898
2025-07-17,182.139999389648,184.059997558594,180.479995727539,183.580001831055,31992600,183.415954589844
2025-07-18,185.399993896484,186.419998168945,183.710006713867,185.059997558594,34014500,184.894622802734
2025-07-21,186.25,190.289993286133,186.149993896484,190.100006103516,45803100,189.930130004883
2025-07-22,191.5,191.649993896484,187.460006713867,191.339996337891,44660200,191.169021606445
2025-07-23,191.5,192.529998779297,189.179992675781,190.229995727539,58681900,190.060012817383
2025-07-24,197.029998779297,197.949996948242,191,192.169998168945,74881700,191.998275756836
2025-07-25,191.979995727539,194.330001831055,191.259994506836,193.179992675781,39785900,193.007369995117
2025-07-28,193.649993896484,194.050003051758,190.839996337891,192.580001831055,38139500,192.407913208008
2025-07-29,192.429992675781,195.919998168945,192.080001831055,195.75,41389200,195.575073242188
2025-07-30,195.600006103516,197.600006103516,194.690002441406,196.529998779297,32445400,196.354385375977
2025-07-31,195.710006713867,195.990005493164,191.089996337891,191.899993896484,51329200,191.728515625
2025-08-01,189.029998779297,190.830001831055,187.820007324219,189.130004882812,34832200,188.960998535156
2025-08-04,190.289993286133,195.270004272461,190.119995117188,195.039993286133,31547400,194.865707397461
2025-08-05,194.710006713867,197.860000610352,193.889999389648,194.669998168945,31602300,194.496047973633
2025-08-06,194.5,196.630004882812,193.669998168945,196.089996337891,21562900,195.914764404297
2025-08-07,197.059997558594,197.539993286133,194.330001831055,196.520004272461,26321800,196.344390869141
2025-08-08,197.220001220703,202.610000610352,197.169998168945,201.419998168945,39161800,201.240005493164
2025-08-11,200.940002441406,201.479995727539,199.070007324219,201,25832400,200.820388793945
2025-08-12,201.369995117188,204.5,200.589996337891,203.339996337891,30397900,203.158294677734
2025-08-13,204.130004882812,204.529998779297,197.509994506836,201.960006713867,28342900,201.779541015625
2025-08-14,201.5,204.440002441406,201.229995727539,202.940002441406,25230400,202.758651733398
2025-08-15,203.850006103516,206.440002441406,201.279998779297,203.899993896484,34931400,203.717788696289
2025-08-18,204.199996948242,205.270004272461,202.490005493164,203.5,18526600,203.318161010742
2025-08-19,203.029998779297,203.440002441406,199.960006713867,201.570007324219,24240200,201.389892578125
2025-08-20,200.729995727539,201.279998779297,196.600006103516,199.320007324219,28955500,199.141891479492
2025-08-21,199.75,202.479995727539,199.429992675781,199.75,19774600,199.571502685547
2025-08-22,202.729995727539,208.539993286133,201.300003051758,206.089996337891,42827000,205.905838012695
2025-08-25,206.429992675781,210.520004272461,205.279998779297,208.490005493164,29928900,208.303695678711
2025-08-26,207.509994506836,207.850006103516,205.699996948242,207.139999389648,28464100,206.954895019531
2025-08-27,205.699996948242,208.910003662109,205.649993896484,207.479995727539,23022900,207.294586181641
2025-08-28,207.25,212.220001220703,206.899993896484,211.639999389648,32339300,211.450881958008
2025-08-29,210.509994506836,214.649993896484,210.199996948242,212.910003662109,39728400,212.719741821289
2025-09-02,208.440002441406,211.679992675781,206.199996948242,211.350006103516,47523000,211.161148071289
2025-09-03,226.210006713867,231.309997558594,224.789993286133,230.660003662109,103336100,230.453887939453
2025-09-04,229.649993896484,232.369995117188,226.110000610352,232.300003051758,51684200,232.092422485352
2025-09-05,232.199996948242,235.759994506836,231.899993896484,235,46588900,234.790008544922
2025-09-08,235.470001220703,238.130004882812,233.669998168945,234.039993286133,32474700,234.039993286133
2025-09-09,234.169998168945,240.470001220703,233.229995727539,239.630004882812,38061000,239.630004882812
2025-09-10,238.899993896484,241.660003662109,237.850006103516,239.169998168945,35141100,239.169998168945
2025-09-11,239.880004882812,242.25,236.25,240.369995117188,30599300,240.369995117188
2025-09-12,240.369995117188,242.080001831055,238,240.800003051758,26771600,240.800003051758
2025-09-15,244.660003662109,252.410003662109,244.660003662109,251.610000610352,58383800,251.610000610352
2025-09-16,252.080001831055,253.039993286133,249.470001220703,251.160003662109,34109700,251.160003662109
2025-09-17,251.220001220703,251.600006103516,246.279998779297,249.529998779297,34108000,249.529998779297
2025-09-18,251.679992675781,253.990005493164,249.800003051758,252.029998779297,31239500,252.029998779297
2025-09-19,253.25,256,251.809997558594,254.720001220703,55571400,254.720001220703
2025-09-22,254.429992675781,255.779998779297,250.300003051758,252.529998779297,32290500,252.529998779297
2025-09-23,253.039993286133,254.360000610352,250.479995727539,251.660003662109,26628000,251.660003662109
2025-09-24,251.660003662109,252.350006103516,246.440002441406,247.139999389648,28201000,247.139999389648
2025-09-25,244.399993896484,246.490005493164,240.740005493164,245.789993286133,31020400,245.789993286133
2025-09-26,247.070007324219,249.419998168945,245.970001220703,246.539993286133,18503200,246.539993286133
2025-09-29,247.850006103516,251.149993896484,242.770004272461,244.050003051758,32505800,244.050003051758
2025-09-30,242.809997558594,243.289993286133,239.25,243.100006103516,34724300,243.100006103516
2025-10-01,240.75,246.300003051758,238.610000610352,244.899993896484,31658200,244.899993896484
2025-10-02,245.149993896484,246.809997558594,242.300003051758,245.690002441406,25483300,245.690002441406
2025-10-03,244.490005493164,246.300003051758,241.660003662109,245.350006103516,30232900,245.350006103516
