"date","MSFT.Open","MSFT.High","MSFT.Low","MSFT.Close","MSFT.Volume","MSFT.Adjusted"
2022-01-03,335.350006103516,338,329.779998779297,334.75,28865100,324.504577636719
2022-01-04,334.829986572266,335.200012207031,326.119995117188,329.010009765625,32674300,318.940246582031
2022-01-05,325.859985351562,326.070007324219,315.980010986328,316.380004882812,40054300,306.69677734375
2022-01-06,313.149993896484,318.700012207031,311.489990234375,313.880004882812,39646100,304.273345947266
2022-01-07,314.149993896484,316.5,310.089996337891,314.040008544922,32720000,304.428527832031
2022-01-10,309.489990234375,314.720001220703,304.690002441406,314.269989013672,44289500,304.651428222656
2022-01-11,313.380004882812,316.609985351562,309.890014648438,314.980010986328,29386800,305.339660644531
2022-01-12,319.670013427734,323.410003662109,317.079986572266,318.269989013672,34372200,308.528991699219
2022-01-13,320.470001220703,320.880004882812,304,304.799987792969,45366000,295.471221923828
2022-01-14,304.25,310.820007324219,303.75,310.200012207031,39846400,300.7060546875
2022-01-18,304.070007324219,309.799987792969,301.739990234375,302.649993896484,42333200,293.387054443359
2022-01-19,306.290008544922,313.910003662109,302.700012207031,303.329986572266,45933900,294.046264648438
2022-01-20,309.070007324219,311.649993896484,301.140014648438,301.600006103516,35380700,292.369201660156
2022-01-21,302.690002441406,304.109985351562,295.609985351562,296.029998779297,57984400,286.969696044922
2022-01-24,292.200012207031,297.109985351562,276.049987792969,296.369995117188,85731500,287.299255371094
2022-01-25,291.519989013672,294.989990234375,285.170013427734,288.489990234375,72848600,279.660461425781
2022-01-26,307.989990234375,308.5,293.029998779297,296.709991455078,90428900,287.628845214844
2022-01-27,302.660003662109,307.299987792969,297.929992675781,299.839996337891,53481300,290.663024902344
2022-01-28,300.230010986328,308.480010986328,294.450012207031,308.260009765625,49743700,298.825347900391
2022-01-31,308.950012207031,312.380004882812,306.369995117188,310.980010986328,46444500,301.462066650391
2022-02-01,310.410003662109,310.630004882812,305.130004882812,308.760009765625,40950400,299.31005859375
2022-02-02,309.630004882812,315.119995117188,308.880004882812,313.459991455078,36636000,303.866119384766
2022-02-03,309.489990234375,311.230010986328,299.959991455078,301.25,43730000,292.029876708984
2022-02-04,300.209991455078,308.799987792969,299.970001220703,305.940002441406,35096500,296.576324462891
2022-02-07,306.170013427734,307.839996337891,299.899993896484,300.950012207031,28533300,291.739135742188
2022-02-08,301.25,305.559997558594,299.950012207031,304.559997558594,32421200,295.238616943359
2022-02-09,309.869995117188,311.929992675781,307.390014648438,311.209991455078,31284700,301.68505859375
2022-02-10,304.040008544922,309.119995117188,300.700012207031,302.380004882812,45386200,293.125305175781
2022-02-11,303.190002441406,304.290008544922,294.220001220703,295.040008544922,39175600,286.010009765625
2022-02-14,293.769989013672,296.760009765625,291.350006103516,295,36359500,285.971130371094
2022-02-15,300.010009765625,300.799987792969,297.019989013672,300.470001220703,27058300,291.273773193359
2022-02-16,298.369995117188,300.869995117188,293.679992675781,299.5,29982100,290.933776855469
2022-02-17,296.359985351562,296.799987792969,290,290.730010986328,32461600,282.41455078125
2022-02-18,293.049987792969,293.859985351562,286.309997558594,287.929992675781,34264000,279.694671630859
2022-02-22,285,291.540008544922,284.5,287.720001220703,41736100,279.49072265625
2022-02-23,290.179992675781,291.700012207031,280.100006103516,280.269989013672,37811200,272.253814697266
2022-02-24,272.510009765625,295.160003662109,271.519989013672,294.589996337891,56989700,286.164215087891
2022-02-25,295.140014648438,297.630004882812,291.649993896484,297.309997558594,32546700,288.806427001953
2022-02-28,294.309997558594,299.140014648438,293,298.790008544922,34627500,290.244079589844
2022-03-01,296.399993896484,299.970001220703,292.149993896484,294.950012207031,31217800,286.513946533203
2022-03-02,295.359985351562,301.470001220703,293.700012207031,300.190002441406,31873000,291.604034423828
2022-03-03,302.890014648438,303.130004882812,294.049987792969,295.920013427734,27314500,287.456176757812
2022-03-04,294.290008544922,295.660003662109,287.170013427734,289.859985351562,32356500,281.569458007812
2022-03-07,288.529998779297,289.690002441406,278.529998779297,278.910003662109,43157200,270.932708740234
2022-03-08,277.799987792969,283.959991455078,270,275.850006103516,48159500,267.960235595703
2022-03-09,283.440002441406,289.600006103516,280.779998779297,288.5,35204500,280.248352050781
2022-03-10,283.019989013672,286.600006103516,280.579986572266,285.589996337891,30628000,277.421661376953
2022-03-11,287.959991455078,289.510009765625,279.429992675781,280.070007324219,27209300,272.059509277344
2022-03-14,280.339996337891,285.399993896484,275.820007324219,276.440002441406,30660700,268.533386230469
2022-03-15,280.350006103516,287.820007324219,278.730010986328,287.149993896484,34245100,278.937042236328
2022-03-16,289.109985351562,294.570007324219,283.200012207031,294.390014648438,37826300,285.969909667969
2022-03-17,293.290008544922,295.609985351562,289.369995117188,295.220001220703,30816600,286.776184082031
2022-03-18,295.369995117188,301,292.730010986328,300.429992675781,43390600,291.837158203125
2022-03-21,298.890014648438,300.140014648438,294.899993896484,299.160003662109,28351200,290.603515625
2022-03-22,299.799987792969,305,298.769989013672,304.059997558594,27599700,295.363342285156
2022-03-23,300.510009765625,303.230010986328,297.720001220703,299.489990234375,25715400,290.924072265625
2022-03-24,299.140014648438,304.200012207031,298.320007324219,304.100006103516,24484500,295.402252197266
2022-03-25,305.230010986328,305.5,299.290008544922,303.679992675781,22566500,294.994262695312
2022-03-28,304.329986572266,310.799987792969,304.329986572266,310.700012207031,29578200,301.813415527344
2022-03-29,313.910003662109,315.820007324219,309.049987792969,315.410003662109,30393400,306.388763427734
2022-03-30,313.760009765625,315.950012207031,311.579986572266,313.859985351562,28163600,304.883087158203
2022-03-31,313.899993896484,315.140014648438,307.890014648438,308.309997558594,33422100,299.491790771484
2022-04-01,309.369995117188,310.130004882812,305.540008544922,309.420013427734,27110500,300.570129394531
2022-04-04,310.089996337891,315.109985351562,309.709991455078,314.970001220703,24289600,305.961334228516
2022-04-05,313.269989013672,314.869995117188,309.869995117188,310.880004882812,23156700,301.988342285156
2022-04-06,305.190002441406,307,296.709991455078,299.5,40110400,290.933776855469
2022-04-07,296.660003662109,303.649993896484,296.350006103516,301.369995117188,31411200,292.750335693359
2022-04-08,300.440002441406,301.119995117188,296.279998779297,296.970001220703,24361900,288.476104736328
2022-04-11,291.790008544922,292.609985351562,285,285.260009765625,34569300,277.10107421875
2022-04-12,289.239990234375,290.739990234375,280.489990234375,282.059997558594,30966700,273.992584228516
2022-04-13,282.730010986328,288.579986572266,281.299987792969,287.619995117188,21907200,279.3935546875
2022-04-14,288.089996337891,288.309997558594,279.320007324219,279.829986572266,28221600,271.826416015625
2022-04-18,278.910003662109,282.459991455078,278.339996337891,280.519989013672,20778000,272.496673583984
2022-04-19,279.380004882812,286.170013427734,278.410003662109,285.299987792969,22297700,277.139953613281
2022-04-20,289.399993896484,289.700012207031,285.369995117188,286.359985351562,22906700,278.169586181641
2022-04-21,288.579986572266,293.299987792969,280.059997558594,280.809997558594,29454600,272.7783203125
2022-04-22,281.679992675781,283.200012207031,273.380004882812,274.029998779297,29405800,266.192260742188
2022-04-25,273.290008544922,281.109985351562,270.769989013672,280.720001220703,35678900,272.690948486328
2022-04-26,277.5,278.359985351562,270,270.220001220703,46518400,262.491241455078
2022-04-27,282.100006103516,290.970001220703,279.160003662109,283.220001220703,63477700,275.119445800781
2022-04-28,285.190002441406,290.980010986328,281.459991455078,289.630004882812,33646600,281.346099853516
2022-04-29,288.609985351562,289.880004882812,276.5,277.519989013672,37073900,269.582427978516
2022-05-02,277.709991455078,284.940002441406,276.220001220703,284.470001220703,35151100,276.333709716797
2022-05-03,283.959991455078,284.130004882812,280.149993896484,281.779998779297,25978600,273.720642089844
2022-05-04,282.589996337891,290.880004882812,276.730010986328,289.980010986328,33599300,281.686096191406
2022-05-05,285.540008544922,286.350006103516,274.339996337891,277.350006103516,43260400,269.417297363281
2022-05-06,274.809997558594,279.25,271.269989013672,274.730010986328,37780300,266.872222900391
2022-05-09,270.059997558594,272.359985351562,263.320007324219,264.579986572266,47726000,257.012512207031
2022-05-10,271.690002441406,273.75,265.070007324219,269.5,39336400,261.791839599609
2022-05-11,265.679992675781,271.359985351562,259.299987792969,260.549987792969,48975900,253.097793579102
2022-05-12,257.690002441406,259.880004882812,250.020004272461,255.350006103516,51033800,248.046569824219
2022-05-13,257.350006103516,263.040008544922,255.350006103516,261.119995117188,34925100,253.651519775391
2022-05-16,259.959991455078,265.820007324219,255.779998779297,261.5,32550900,254.020706176758
2022-05-17,266.109985351562,268.329986572266,262.459991455078,266.820007324219,28828800,259.188507080078
2022-05-18,263,263.600006103516,252.770004272461,254.080001831055,31356000,247.387741088867
2022-05-19,253.899993896484,257.670013427734,251.880004882812,253.139999389648,32692300,246.47248840332
2022-05-20,257.239990234375,258.540008544922,246.440002441406,252.559997558594,39199300,245.907745361328
2022-05-23,255.490005493164,261.5,253.429992675781,260.649993896484,33175400,253.784652709961
2022-05-24,257.890014648438,261.329986572266,253.5,259.619995117188,29043900,252.781814575195
2022-05-25,258.140014648438,264.579986572266,257.130004882812,262.519989013672,28547900,255.605392456055
2022-05-26,262.269989013672,267.109985351562,261.429992675781,265.899993896484,25002100,258.896392822266
2022-05-27,268.480010986328,273.339996337891,267.559997558594,273.239990234375,26910800,266.043060302734
2022-05-31,272.529998779297,274.769989013672,268.929992675781,271.869995117188,37827700,264.709167480469
2022-06-01,275.200012207031,277.690002441406,270.040008544922,272.420013427734,25292200,265.244720458984
2022-06-02,264.450012207031,274.649993896484,261.600006103516,274.579986572266,44008200,267.347778320312
2022-06-03,270.309997558594,273.450012207031,268.410003662109,270.019989013672,28059000,262.907897949219
2022-06-06,272.059997558594,274.179992675781,267.220001220703,268.75,22400300,261.671295166016
2022-06-07,266.640014648438,273.130004882812,265.940002441406,272.5,22860700,265.322601318359
2022-06-08,271.709991455078,273,269.609985351562,270.410003662109,17372300,263.287567138672
2022-06-09,267.779998779297,272.709991455078,264.630004882812,264.790008544922,26439700,257.815643310547
2022-06-10,260.579986572266,260.579986572266,252.529998779297,252.990005493164,31422800,246.326446533203
2022-06-13,245.110000610352,249.020004272461,241.529998779297,242.259994506836,46135800,235.879043579102
2022-06-14,243.860000610352,245.740005493164,241.509994506836,244.490005493164,28651500,238.050323486328
2022-06-15,248.309997558594,255.300003051758,246.419998168945,251.759994506836,33111700,245.128860473633
2022-06-16,245.979995727539,247.419998168945,243.020004272461,244.970001220703,33169200,238.517715454102
2022-06-17,244.699996948242,250.5,244.029998779297,247.649993896484,43084800,241.127090454102
2022-06-21,250.259994506836,254.75,249.509994506836,253.740005493164,29928300,247.056686401367
2022-06-22,251.889999389648,257.170013427734,250.369995117188,253.130004882812,25939900,246.462753295898
2022-06-23,255.570007324219,259.369995117188,253.630004882812,258.859985351562,25861400,252.041809082031
2022-06-24,261.809997558594,267.980010986328,261.720001220703,267.700012207031,33923200,260.648956298828
2022-06-27,268.209991455078,268.299987792969,263.279998779297,264.890014648438,24615100,257.913024902344
2022-06-28,263.980010986328,266.910003662109,256.320007324219,256.480010986328,27295500,249.724517822266
2022-06-29,257.589996337891,261.970001220703,255.759994506836,260.260009765625,20069800,253.40495300293
2022-06-30,257.049987792969,259.529998779297,252.899993896484,256.829986572266,31730900,250.065292358398
2022-07-01,256.390014648438,259.769989013672,254.610000610352,259.579986572266,22837700,252.74284362793
2022-07-05,256.160003662109,262.980010986328,254.740005493164,262.850006103516,22941000,255.926742553711
2022-07-06,263.75,267.989990234375,262.399993896484,266.209991455078,23824400,259.198211669922
2022-07-07,265.119995117188,269.059997558594,265.019989013672,268.399993896484,20859900,261.33056640625
2022-07-08,264.790008544922,268.100006103516,263.290008544922,267.660003662109,19658800,260.610076904297
2022-07-11,265.649993896484,266.529998779297,262.179992675781,264.510009765625,19455200,257.542999267578
2022-07-12,265.880004882812,265.940002441406,252.039993286133,253.669998168945,35868500,246.988555908203
2022-07-13,250.190002441406,253.550003051758,248.110000610352,252.720001220703,29497400,246.063568115234
2022-07-14,250.570007324219,255.139999389648,245.940002441406,254.080001831055,25102800,247.387741088867
2022-07-15,255.720001220703,260.369995117188,254.770004272461,256.720001220703,29774100,249.95817565918
2022-07-18,259.75,260.839996337891,253.300003051758,254.25,20975000,247.553253173828
2022-07-19,257.579986572266,259.720001220703,253.679992675781,259.529998779297,25012600,252.694122314453
2022-07-20,259.899993896484,264.869995117188,258.910003662109,262.269989013672,22788300,255.361923217773
2022-07-21,259.790008544922,264.890014648438,257.029998779297,264.839996337891,22404700,257.864318847656
2022-07-22,265.239990234375,265.329986572266,259.070007324219,260.359985351562,21881300,253.50227355957
2022-07-25,261,261.5,256.809997558594,258.829986572266,21056000,252.012619018555
2022-07-26,259.859985351562,259.880004882812,249.570007324219,251.899993896484,39348000,245.265167236328
2022-07-27,261.160003662109,270.049987792969,258.850006103516,268.739990234375,45994000,261.66162109375
2022-07-28,269.75,277.839996337891,267.869995117188,276.410003662109,33459300,269.129608154297
2022-07-29,277.700012207031,282,276.630004882812,280.739990234375,32152800,273.345550537109
2022-08-01,277.820007324219,281.279998779297,275.839996337891,278.010009765625,21539600,270.687469482422
2022-08-02,276,277.890014648438,272.380004882812,274.820007324219,22754200,267.581451416016
2022-08-03,276.760009765625,283.5,276.609985351562,282.470001220703,23518900,275.029968261719
2022-08-04,281.799987792969,283.799987792969,280.170013427734,283.649993896484,18098700,276.178924560547
2022-08-05,279.149993896484,283.649993896484,278.679992675781,282.910003662109,16774600,275.458465576172
2022-08-08,284.049987792969,285.920013427734,279.320007324219,280.320007324219,18739200,272.936614990234
2022-08-09,279.640014648438,283.079986572266,277.609985351562,282.299987792969,23405200,274.864379882812
2022-08-10,288.170013427734,289.809997558594,286.940002441406,289.160003662109,24687800,281.543792724609
2022-08-11,290.850006103516,291.209991455078,286.510009765625,287.019989013672,20065900,279.460113525391
2022-08-12,288.480010986328,291.910003662109,286.940002441406,291.910003662109,22619700,284.221343994141
2022-08-15,291,294.179992675781,290.109985351562,293.470001220703,18085700,285.740234375
2022-08-16,291.989990234375,294.040008544922,290.420013427734,292.709991455078,18102900,285.000274658203
2022-08-17,289.739990234375,293.350006103516,289.470001220703,291.320007324219,18253400,284.248931884766
2022-08-18,290.190002441406,291.910003662109,289.079986572266,290.170013427734,17186200,283.126892089844
2022-08-19,288.899993896484,289.25,285.559997558594,286.149993896484,20570000,279.204406738281
2022-08-22,282.079986572266,282.459991455078,277.220001220703,277.75,25061100,271.008270263672
2022-08-23,276.440002441406,278.859985351562,275.399993896484,276.440002441406,17527400,269.730102539062
2022-08-24,275.410003662109,277.230010986328,275.109985351562,275.790008544922,18137000,269.095947265625
2022-08-25,277.329986572266,279.019989013672,274.519989013672,278.850006103516,16583400,272.081573486328
2022-08-26,279.079986572266,280.339996337891,267.980010986328,268.089996337891,27549300,261.582824707031
2022-08-29,265.850006103516,267.399993896484,263.850006103516,265.230010986328,20338500,258.792236328125
2022-08-30,266.670013427734,267.049987792969,260.660003662109,262.970001220703,22767100,256.587066650391
2022-08-31,265.390014648438,267.109985351562,261.329986572266,261.470001220703,24791800,255.123474121094
2022-09-01,258.869995117188,260.890014648438,255.410003662109,260.399993896484,23263400,254.079467773438
2022-09-02,261.700012207031,264.739990234375,254.470001220703,256.059997558594,22855400,249.844772338867
2022-09-06,256.200012207031,257.829986572266,251.940002441406,253.25,21328200,247.103012084961
2022-09-07,254.699996948242,258.829986572266,253.220001220703,258.089996337891,24126700,251.825500488281
2022-09-08,257.510009765625,260.429992675781,254.789993286133,258.519989013672,20319900,252.245056152344
2022-09-09,260.5,265.230010986328,260.290008544922,264.459991455078,22084700,258.040924072266
2022-09-12,265.779998779297,267.450012207031,265.160003662109,266.649993896484,18747700,260.177734375
2022-09-13,258.839996337891,260.399993896484,251.589996337891,251.990005493164,33353300,245.873565673828
2022-09-14,253.529998779297,254.229995727539,249.860000610352,252.220001220703,23913000,246.09797668457
2022-09-15,249.770004272461,251.399993896484,244.020004272461,245.380004882812,31530900,239.424011230469
2022-09-16,244.259994506836,245.300003051758,242.059997558594,244.740005493164,39791800,238.799560546875
2022-09-19,242.470001220703,245.139999389648,240.850006103516,244.520004272461,26826900,238.584899902344
2022-09-20,242.070007324219,243.509994506836,239.639999389648,242.449996948242,26660300,236.56510925293
2022-09-21,244.270004272461,247.660003662109,238.899993896484,238.949996948242,28625600,233.15007019043
2022-09-22,237.869995117188,243.860000610352,237.570007324219,240.979995727539,31061200,235.130813598633
2022-09-23,239.539993286133,241.130004882812,235.199996948242,237.919998168945,34176000,232.145080566406
2022-09-26,237.050003051758,241.449996948242,236.899993896484,237.449996948242,27694200,231.686492919922
2022-09-27,239.979995727539,241.800003051758,234.5,236.410003662109,27018700,230.671722412109
2022-09-28,236.809997558594,242.330001831055,234.729995727539,241.070007324219,29029700,235.218643188477
2022-09-29,238.889999389648,239.949996948242,234.410003662109,237.5,27484200,231.735290527344
2022-09-30,238.289993286133,240.539993286133,232.729995727539,232.899993896484,35694800,227.246932983398
2022-10-03,235.410003662109,241.610000610352,234.660003662109,240.740005493164,28880400,234.896636962891
2022-10-04,245.089996337891,250.360000610352,244.979995727539,248.880004882812,34888400,242.839080810547
2022-10-05,245.990005493164,250.580001831055,244.100006103516,249.199996948242,20347100,243.151275634766
2022-10-06,247.929992675781,250.339996337891,246.080001831055,246.789993286133,20239900,240.799789428711
2022-10-07,240.899993896484,241.320007324219,233.169998168945,234.240005493164,37769600,228.554458618164
2022-10-10,233.050003051758,234.559997558594,226.729995727539,229.25,29743600,223.685531616211
2022-10-11,227.619995117188,229.059997558594,224.110000610352,225.410003662109,30474000,219.938735961914
2022-10-12,225.399993896484,227.860000610352,223.960006713867,225.75,21903900,220.270492553711
2022-10-13,219.850006103516,236.100006103516,219.130004882812,234.240005493164,42551800,228.554458618164
2022-10-14,235.539993286133,237.240005493164,228.339996337891,228.559997558594,30198600,223.012252807617
2022-10-17,235.820007324219,238.960006713867,235.139999389648,237.529998779297,28142300,231.764541625977
2022-10-18,243.240005493164,243.929992675781,235.369995117188,238.5,26329600,232.711029052734
2022-10-19,237.039993286133,239.610000610352,234.289993286133,236.479995727539,19985700,230.740036010742
2022-10-20,235.770004272461,241.309997558594,234.869995117188,236.149993896484,21811000,230.418060302734
2022-10-21,234.740005493164,243,234.5,242.119995117188,26299700,236.243133544922
2022-10-24,243.759994506836,247.839996337891,241.300003051758,247.25,24911200,241.248641967773
2022-10-25,247.259994506836,251.039993286133,245.830001831055,250.660003662109,34775500,244.575866699219
2022-10-26,231.169998168945,238.300003051758,230.059997558594,231.320007324219,82543200,225.705307006836
2022-10-27,231.039993286133,233.690002441406,225.779998779297,226.75,40424600,221.246200561523
2022-10-28,226.240005493164,236.600006103516,226.050003051758,235.869995117188,40647700,230.14485168457
2022-10-31,233.759994506836,234.919998168945,231.149993896484,232.130004882812,28357300,226.49560546875
2022-11-01,234.600006103516,235.740005493164,227.330001831055,228.169998168945,30592300,222.631759643555
2022-11-02,229.460006713867,231.300003051758,220.039993286133,220.100006103516,38407000,214.757629394531
2022-11-03,220.089996337891,220.410003662109,213.979995727539,214.25,36633900,209.049606323242
2022-11-04,217.550003051758,221.589996337891,213.429992675781,221.389999389648,36789100,216.016326904297
2022-11-07,221.990005493164,228.410003662109,221.279998779297,227.869995117188,33498000,222.339004516602
2022-11-08,228.699996948242,231.649993896484,225.839996337891,228.869995117188,28192500,223.314743041992
2022-11-09,227.369995117188,228.630004882812,224.330001831055,224.509994506836,27852900,219.060607910156
2022-11-10,235.429992675781,243.330001831055,235,242.979995727539,46268000,237.082275390625
2022-11-11,242.990005493164,247.990005493164,241.929992675781,247.110000610352,34620200,241.112030029297
2022-11-14,241.990005493164,243.910003662109,239.210006713867,241.550003051758,31123300,235.686965942383
2022-11-15,245.660003662109,247,240.029998779297,241.970001220703,31390100,236.096771240234
2022-11-16,242.789993286133,243.800003051758,240.419998168945,241.729995727539,24093300,236.527297973633
2022-11-17,237.779998779297,243.25,237.630004882812,241.679992675781,23123500,236.478408813477
2022-11-18,243.509994506836,243.740005493164,239.029998779297,241.220001220703,27613500,236.028274536133
2022-11-21,241.429992675781,244.669998168945,241.190002441406,242.050003051758,26394700,236.840408325195
2022-11-22,243.589996337891,245.309997558594,240.710006713867,245.029998779297,19665700,239.756256103516
2022-11-23,245.110000610352,248.279998779297,244.270004272461,247.580001831055,19508500,242.251419067383
2022-11-25,247.309997558594,248.699996948242,246.729995727539,247.490005493164,9200800,242.163314819336
2022-11-28,246.080001831055,246.649993896484,240.800003051758,241.759994506836,24778200,236.556625366211
2022-11-29,241.399993896484,242.789993286133,238.210006713867,240.330001831055,17956300,235.157440185547
2022-11-30,240.570007324219,255.330001831055,239.860000610352,255.139999389648,47594200,249.648666381836
2022-12-01,253.869995117188,256.119995117188,250.919998168945,254.690002441406,26041500,249.208389282227
2022-12-02,249.820007324219,256.059997558594,249.690002441406,255.020004272461,21528500,249.531280517578
2022-12-05,252.009994506836,253.820007324219,248.059997558594,250.199996948242,23435300,244.815017700195
2022-12-06,250.820007324219,251.860000610352,243.779998779297,245.119995117188,22463700,239.844375610352
2022-12-07,244.830001831055,246.160003662109,242.210006713867,244.369995117188,20481500,239.110473632812
2022-12-08,244.839996337891,248.740005493164,243.059997558594,247.399993896484,22611800,242.075256347656
2022-12-09,244.699996948242,248.309997558594,244.160003662109,245.419998168945,20609700,240.137893676758
2022-12-12,247.449996948242,252.539993286133,247.169998168945,252.509994506836,30665100,247.075286865234
2022-12-13,261.690002441406,263.920013427734,253.070007324219,256.920013427734,42196900,251.390365600586
2022-12-14,257.130004882812,262.589996337891,254.309997558594,257.220001220703,35410900,251.683929443359
2022-12-15,253.720001220703,254.199996948242,247.339996337891,249.009994506836,35560400,243.650588989258
2022-12-16,248.550003051758,249.839996337891,243.509994506836,244.690002441406,86102000,239.423599243164
2022-12-19,244.860000610352,245.210006713867,238.710006713867,240.449996948242,29696400,235.274826049805
2022-12-20,239.399993896484,242.910003662109,238.419998168945,241.800003051758,25150800,236.595779418945
2022-12-21,241.690002441406,245.619995117188,240.110000610352,244.429992675781,23690600,239.169189453125
2022-12-22,241.259994506836,241.990005493164,233.869995117188,238.190002441406,28651700,233.063507080078
2022-12-23,236.110000610352,238.869995117188,233.940002441406,238.729995727539,21207000,233.591873168945
2022-12-27,238.699996948242,238.929992675781,235.830001831055,236.960006713867,16688600,231.859985351562
2022-12-28,236.889999389648,239.720001220703,234.169998168945,234.529998779297,17457100,229.482284545898
2022-12-29,235.649993896484,241.919998168945,235.649993896484,241.009994506836,19770700,235.822799682617
2022-12-30,238.210006713867,239.960006713867,236.660003662109,239.820007324219,21938500,234.658447265625
2023-01-03,243.080001831055,245.75,237.399993896484,239.580001831055,25740000,234.423614501953
2023-01-04,232.279998779297,232.869995117188,225.960006713867,229.100006103516,50623400,224.169158935547
2023-01-05,227.199996948242,227.550003051758,221.759994506836,222.309997558594,39585600,217.525238037109
2023-01-06,223,225.759994506836,219.350006103516,224.929992675781,43613600,220.088882446289
2023-01-09,226.449996948242,231.240005493164,226.410003662109,227.119995117188,27369800,222.231735229492
2023-01-10,227.759994506836,231.309997558594,227.330001831055,228.850006103516,27033900,223.924499511719
2023-01-11,231.289993286133,235.949996948242,231.110000610352,235.770004272461,28669300,230.695602416992
2023-01-12,235.259994506836,239.899993896484,233.559997558594,238.509994506836,27269500,233.376586914062
2023-01-13,237,239.369995117188,234.919998168945,239.229995727539,21333300,234.081115722656
2023-01-17,237.970001220703,240.910003662109,237.089996337891,240.350006103516,29831300,235.176986694336
2023-01-18,241.570007324219,242.380004882812,235.520004272461,235.809997558594,30028700,230.73469543457
2023-01-19,233.779998779297,235.520004272461,230.679992675781,231.929992675781,28623000,226.938201904297
2023-01-20,234.860000610352,240.740005493164,234.509994506836,240.220001220703,35389800,235.0498046875
2023-01-23,241.100006103516,245.169998168945,239.649993896484,242.580001831055,31934000,237.359008789062
2023-01-24,242.5,243.949996948242,240.440002441406,242.039993286133,40234400,236.830627441406
2023-01-25,234.479995727539,243.300003051758,230.899993896484,240.610000610352,66526600,235.431396484375
2023-01-26,243.649993896484,248.309997558594,242,248,33454500,242.662353515625
2023-01-27,248.990005493164,249.830001831055,246.830001831055,248.160003662109,26498900,242.818923950195
2023-01-30,244.509994506836,245.600006103516,242.199996948242,242.710006713867,25867400,237.486190795898
2023-01-31,243.449996948242,247.949996948242,242.949996948242,247.809997558594,26541100,242.476440429688
2023-02-01,248,255.179992675781,245.470001220703,252.75,31259900,247.310119628906
2023-02-02,258.820007324219,264.690002441406,257.25,264.600006103516,39940400,258.905059814453
2023-02-03,259.540008544922,264.200012207031,257.100006103516,258.350006103516,29077300,252.789596557617
2023-02-06,257.440002441406,258.299987792969,254.779998779297,256.769989013672,22518000,251.243591308594
2023-02-07,260.529998779297,268.769989013672,260.079986572266,267.559997558594,50841400,261.801391601562
2023-02-08,273.200012207031,276.760009765625,266.209991455078,266.730010986328,54686000,260.989227294922
2023-02-09,273.799987792969,273.980010986328,262.799987792969,263.619995117188,42375100,257.946166992188
2023-02-10,261.529998779297,264.089996337891,260.660003662109,263.100006103516,25818500,257.437377929688
2023-02-13,267.640014648438,274.600006103516,267.149993896484,271.320007324219,44630900,265.48046875
2023-02-14,272.670013427734,274.970001220703,269.279998779297,272.170013427734,37047900,266.312164306641
2023-02-15,268.320007324219,270.730010986328,266.179992675781,269.320007324219,28922400,264.18359375
2023-02-16,264.019989013672,266.739990234375,261.899993896484,262.149993896484,29603600,257.150268554688
2023-02-17,259.390014648438,260.089996337891,256,258.059997558594,30000100,253.138290405273
2023-02-21,254.479995727539,255.490005493164,251.589996337891,252.669998168945,28397400,247.851089477539
2023-02-22,254.089996337891,254.339996337891,250.339996337891,251.509994506836,22491100,246.713226318359
2023-02-23,255.559997558594,256.839996337891,250.479995727539,254.770004272461,29219100,249.911041259766
2023-02-24,249.960006713867,251,248.100006103516,249.220001220703,24990900,244.466903686523
2023-02-27,252.460006713867,252.820007324219,249.389999389648,250.160003662109,21190000,245.388961791992
2023-02-28,249.070007324219,251.490005493164,248.729995727539,249.419998168945,22491000,244.663055419922
2023-03-01,250.759994506836,250.929992675781,245.789993286133,246.270004272461,27565300,241.573165893555
2023-03-02,246.550003051758,251.399993896484,245.610000610352,251.110000610352,24808200,246.320846557617
2023-03-03,252.190002441406,255.619995117188,251.389999389648,255.289993286133,30760100,250.421142578125
2023-03-06,256.429992675781,260.119995117188,255.979995727539,256.869995117188,24109800,251.970962524414
2023-03-07,256.299987792969,257.690002441406,253.389999389648,254.149993896484,21473200,249.302886962891
2023-03-08,254.039993286133,254.539993286133,250.809997558594,253.699996948242,17340200,248.861434936523
2023-03-09,255.820007324219,259.559997558594,251.580001831055,252.320007324219,26653400,247.507781982422
2023-03-10,251.080001831055,252.789993286133,247.600006103516,248.589996337891,28333900,243.848907470703
2023-03-13,247.399993896484,257.910003662109,245.729995727539,253.919998168945,33339700,249.077224731445
2023-03-14,256.75,261.070007324219,255.860000610352,260.790008544922,33620300,255.816223144531
2023-03-15,259.980010986328,266.480010986328,259.209991455078,265.440002441406,46028000,260.377532958984
2023-03-16,265.209991455078,276.559997558594,263.279998779297,276.200012207031,54768800,270.932342529297
2023-03-17,278.260009765625,283.329986572266,276.320007324219,279.429992675781,69527400,274.100738525391
2023-03-20,276.980010986328,277.480010986328,269.850006103516,272.230010986328,43466600,267.038024902344
2023-03-21,274.880004882812,275,269.519989013672,273.779998779297,34558700,268.558502197266
2023-03-22,273.399993896484,281.040008544922,272.179992675781,272.290008544922,34873300,267.096923828125
2023-03-23,277.940002441406,281.059997558594,275.200012207031,277.660003662109,36610900,272.364501953125
2023-03-24,277.239990234375,280.630004882812,275.279998779297,280.570007324219,28172000,275.218994140625
2023-03-27,280.5,281.459991455078,275.519989013672,276.380004882812,26840200,271.10888671875
2023-03-28,275.790008544922,276.140014648438,272.049987792969,275.230010986328,21878600,269.980865478516
2023-03-29,278.959991455078,281.140014648438,278.410003662109,280.510009765625,25087000,275.16015625
2023-03-30,284.230010986328,284.459991455078,281.480010986328,284.049987792969,25053400,278.632598876953
2023-03-31,283.730010986328,289.269989013672,283,288.299987792969,32766000,282.801544189453
2023-04-03,286.519989013672,288.269989013672,283.950012207031,287.230010986328,24883300,281.751983642578
2023-04-04,287.230010986328,290.450012207031,285.670013427734,287.179992675781,25824300,281.702880859375
2023-04-05,285.850006103516,287.149993896484,282.920013427734,284.339996337891,22064800,278.917053222656
2023-04-06,283.209991455078,292.079986572266,282.029998779297,291.600006103516,29770300,286.03857421875
2023-04-10,289.209991455078,289.600006103516,284.709991455078,289.390014648438,23103000,283.870819091797
2023-04-11,285.75,285.980010986328,281.640014648438,282.829986572266,27276600,277.435882568359
2023-04-12,284.790008544922,287.010009765625,281.959991455078,283.489990234375,27403400,278.083251953125
2023-04-13,283.589996337891,289.899993896484,283.170013427734,289.839996337891,24222700,284.312194824219
2023-04-14,287,288.480010986328,283.690002441406,286.140014648438,20987900,280.682800292969
2023-04-17,289.929992675781,291.600006103516,286.160003662109,288.799987792969,23836200,283.2919921875
2023-04-18,291.570007324219,291.760009765625,287.010009765625,288.369995117188,20161800,282.870208740234
2023-04-19,285.989990234375,289.049987792969,284.540008544922,288.450012207031,17150300,282.948699951172
2023-04-20,285.25,289.029998779297,285.079986572266,286.109985351562,23244400,280.653259277344
2023-04-21,285.010009765625,286.269989013672,283.059997558594,285.760009765625,21676400,280.309997558594
2023-04-24,282.089996337891,284.950012207031,278.720001220703,281.769989013672,26611000,276.396087646484
2023-04-25,279.510009765625,281.600006103516,275.369995117188,275.420013427734,45772200,270.167205810547
2023-04-26,296.700012207031,299.570007324219,292.730010986328,295.369995117188,64599200,289.736694335938
2023-04-27,295.970001220703,305.200012207031,295.25,304.829986572266,46462600,299.016296386719
2023-04-28,304.010009765625,308.929992675781,303.309997558594,307.260009765625,36469600,301.399932861328
2023-05-01,306.970001220703,308.600006103516,305.149993896484,305.559997558594,21294100,299.732360839844
2023-05-02,307.760009765625,309.179992675781,303.910003662109,305.410003662109,26404400,299.585235595703
2023-05-03,306.619995117188,308.609985351562,304.089996337891,304.399993896484,22360800,298.594482421875
2023-05-04,306.239990234375,307.760009765625,303.399993896484,305.410003662109,22519900,299.585235595703
2023-05-05,305.720001220703,311.970001220703,304.269989013672,310.649993896484,28197100,304.725280761719
2023-05-08,310.130004882812,310.200012207031,306.089996337891,308.649993896484,21318600,302.763458251953
2023-05-09,308,310.040008544922,306.309997558594,307,21340800,301.144866943359
2023-05-10,308.619995117188,313,307.670013427734,312.309997558594,30078000,306.353607177734
2023-05-11,310.100006103516,311.119995117188,306.260009765625,310.109985351562,31680200,304.195526123047
2023-05-12,310.549987792969,310.649993896484,306.600006103516,308.970001220703,19774700,303.077301025391
2023-05-15,309.100006103516,309.899993896484,307.589996337891,309.459991455078,16336500,303.557952880859
2023-05-16,309.829986572266,313.709991455078,309.829986572266,311.739990234375,26730300,305.794525146484
2023-05-17,312.290008544922,314.429992675781,310.739990234375,314,24315000,308.684753417969
2023-05-18,314.529998779297,319.040008544922,313.720001220703,318.519989013672,27276000,313.128204345703
2023-05-19,316.739990234375,318.75,316.369995117188,318.339996337891,27546700,312.951293945312
2023-05-22,318.600006103516,322.589996337891,318.010009765625,321.179992675781,24115700,315.743194580078
2023-05-23,320.029998779297,322.720001220703,315.25,315.260009765625,30797200,309.923431396484
2023-05-24,314.730010986328,316.5,312.609985351562,313.850006103516,23384900,308.537292480469
2023-05-25,323.239990234375,326.899993896484,320,325.920013427734,43301700,320.403015136719
2023-05-26,324.019989013672,333.399993896484,323.880004882812,332.890014648438,36630600,327.255004882812
2023-05-30,335.230010986328,335.739990234375,330.519989013672,331.209991455078,29503100,325.603393554688
2023-05-31,332.290008544922,335.940002441406,327.329986572266,328.390014648438,45950600,322.831176757812
2023-06-01,325.929992675781,333.529998779297,324.720001220703,332.579986572266,26773900,326.950256347656
2023-06-02,334.25,337.5,332.549987792969,335.399993896484,25873800,329.722503662109
2023-06-05,335.220001220703,338.559997558594,334.660003662109,335.940002441406,21307100,330.253387451172
2023-06-06,335.329986572266,335.369995117188,332.170013427734,333.679992675781,20396200,328.031616210938
2023-06-07,331.649993896484,334.489990234375,322.5,323.380004882812,40717100,317.905944824219
2023-06-08,323.940002441406,326.640014648438,323.350006103516,325.260009765625,23277700,319.754150390625
2023-06-09,324.989990234375,329.989990234375,324.410003662109,326.790008544922,22529000,321.258270263672
2023-06-12,328.579986572266,332.100006103516,325.160003662109,331.850006103516,24260300,326.232604980469
2023-06-13,334.470001220703,336.980010986328,330.390014648438,334.290008544922,22951300,328.631286621094
2023-06-14,334.339996337891,339.040008544922,332.809997558594,337.339996337891,26003800,331.629669189453
2023-06-15,337.480010986328,349.839996337891,337.200012207031,348.100006103516,38899100,342.207489013672
2023-06-16,351.320007324219,351.470001220703,341.950012207031,342.329986572266,46552000,336.53515625
2023-06-20,339.309997558594,342.079986572266,335.859985351562,338.049987792969,26375400,332.327575683594
2023-06-21,336.369995117188,337.730010986328,332.070007324219,333.559997558594,25117800,327.913635253906
2023-06-22,334.119995117188,340.119995117188,333.339996337891,339.709991455078,23556800,333.959503173828
2023-06-23,334.359985351562,337.959991455078,333.450012207031,335.019989013672,23146900,329.348907470703
2023-06-26,333.720001220703,336.109985351562,328.489990234375,328.600006103516,21520600,323.03759765625
2023-06-27,331.859985351562,336.149993896484,329.299987792969,334.570007324219,24354100,328.906524658203
2023-06-28,334.660003662109,337.980010986328,333.809997558594,335.850006103516,20259500,330.164855957031
2023-06-29,334.709991455078,336.109985351562,332.619995117188,335.049987792969,16997000,329.378387451172
2023-06-30,337.75,342.730010986328,337.200012207031,340.540008544922,26832800,334.775482177734
2023-07-03,339.190002441406,340.899993896484,336.570007324219,337.989990234375,12508700,332.268615722656
2023-07-05,335.089996337891,341.649993896484,334.730010986328,338.149993896484,18172400,332.425933837891
2023-07-06,337.299987792969,342.989990234375,335.5,341.269989013672,28161200,335.493072509766
2023-07-07,339.320007324219,341.790008544922,337,337.220001220703,21214800,331.511688232422
2023-07-10,334.600006103516,335.230010986328,327.589996337891,331.829986572266,32791400,326.212890625
2023-07-11,331.059997558594,332.859985351562,327,332.470001220703,26698200,326.842071533203
2023-07-12,336.600006103516,341.649993896484,335.670013427734,337.200012207031,29995300,331.492004394531
2023-07-13,339.559997558594,343.739990234375,339.019989013672,342.660003662109,20567200,336.859680175781
2023-07-14,347.589996337891,351.429992675781,344.309997558594,345.239990234375,28352700,339.395904541016
2023-07-17,345.679992675781,346.989990234375,342.200012207031,345.730010986328,20363900,339.877655029297
2023-07-18,345.829986572266,366.779998779297,342.170013427734,359.489990234375,64738600,353.404632568359
2023-07-19,361.75,362.459991455078,352.440002441406,355.079986572266,39732900,349.069305419922
2023-07-20,353.570007324219,357.970001220703,345.369995117188,346.869995117188,33778400,340.998291015625
2023-07-21,349.149993896484,350.299987792969,339.829986572266,343.769989013672,69405400,337.950805664062
2023-07-24,345.850006103516,346.920013427734,342.309997558594,345.109985351562,26678100,339.26806640625
2023-07-25,347.109985351562,351.890014648438,345.070007324219,350.980010986328,41637700,345.038757324219
2023-07-26,341.440002441406,344.670013427734,333.109985351562,337.769989013672,58383700,332.052398681641
2023-07-27,340.480010986328,341.329986572266,329.049987792969,330.720001220703,39635300,325.121704101562
2023-07-28,333.670013427734,340.010009765625,333.170013427734,338.369995117188,28484900,332.642211914062
2023-07-31,336.920013427734,337.700012207031,333.359985351562,335.920013427734,25446000,330.233703613281
2023-08-01,335.190002441406,338.540008544922,333.700012207031,336.339996337891,18311900,330.646545410156
2023-08-02,333.630004882812,333.630004882812,326.359985351562,327.5,27761300,321.956268310547
2023-08-03,326,329.880004882812,325.950012207031,326.660003662109,18253700,321.130432128906
2023-08-04,331.880004882812,335.140014648438,327.239990234375,327.779998779297,23741500,322.231506347656
2023-08-07,328.369995117188,331.109985351562,327.519989013672,330.109985351562,17741500,324.522033691406
2023-08-08,326.959991455078,328.75,323,326.049987792969,22327600,320.530731201172
2023-08-09,326.470001220703,327.109985351562,321.049987792969,322.230010986328,22373300,316.775451660156
2023-08-10,326.019989013672,328.260009765625,321.179992675781,322.929992675781,20113700,317.463592529297
2023-08-11,320.260009765625,322.410003662109,319.209991455078,321.010009765625,24355500,315.576080322266
2023-08-14,321.390014648438,324.059997558594,320.079986572266,324.040008544922,18836100,318.554748535156
2023-08-15,323,325.089996337891,320.899993896484,321.859985351562,16966300,316.411682128906
2023-08-16,320.799987792969,324.420013427734,319.799987792969,320.399993896484,20698900,315.643280029297
2023-08-17,320.540008544922,321.869995117188,316.209991455078,316.880004882812,21257200,312.175476074219
2023-08-18,314.489990234375,318.380004882812,311.549987792969,316.480010986328,24755000,311.781494140625
2023-08-21,317.929992675781,322.769989013672,317.040008544922,321.880004882812,24040000,317.101379394531
2023-08-22,325.5,326.079986572266,321.459991455078,322.459991455078,16084600,317.672729492188
2023-08-23,323.820007324219,329.200012207031,323.459991455078,327,21166400,322.145294189453
2023-08-24,332.850006103516,332.980010986328,319.959991455078,319.970001220703,23281400,315.219665527344
2023-08-25,321.470001220703,325.359985351562,318.799987792969,322.980010986328,21684100,318.184997558594
2023-08-28,325.660003662109,326.149993896484,321.720001220703,323.700012207031,14808500,318.894287109375
2023-08-29,321.880004882812,328.980010986328,321.880004882812,328.410003662109,19284600,323.534362792969
2023-08-30,328.670013427734,329.809997558594,326.450012207031,328.790008544922,15222100,323.908782958984
2023-08-31,329.200012207031,330.910003662109,326.779998779297,327.760009765625,26411000,322.893981933594
2023-09-01,331.309997558594,331.989990234375,326.779998779297,328.660003662109,14942000,323.780639648438
2023-09-05,329,334.850006103516,328.660003662109,333.549987792969,18553900,328.598022460938
2023-09-06,333.380004882812,334.459991455078,330.179992675781,332.880004882812,17535800,327.938049316406
2023-09-07,331.290008544922,333.079986572266,329.029998779297,329.910003662109,18381000,325.012115478516
2023-09-08,330.089996337891,336.160003662109,329.459991455078,334.269989013672,19530100,329.307312011719
2023-09-11,337.239990234375,338.420013427734,335.429992675781,337.940002441406,16583300,332.922882080078
2023-09-12,335.820007324219,336.790008544922,331.480010986328,331.769989013672,17565500,326.844451904297
2023-09-13,331.309997558594,336.850006103516,331.170013427734,336.059997558594,16544400,331.070831298828
2023-09-14,339.149993896484,340.859985351562,336.570007324219,338.700012207031,20267000,333.671630859375
2023-09-15,336.920013427734,337.399993896484,329.649993896484,330.220001220703,37679800,325.317474365234
2023-09-18,327.799987792969,330.399993896484,326.359985351562,329.059997558594,16834200,324.174743652344
2023-09-19,326.170013427734,329.390014648438,324.510009765625,328.649993896484,16505900,323.770812988281
2023-09-20,329.510009765625,329.589996337891,320.510009765625,320.769989013672,21436500,316.007720947266
2023-09-21,319.260009765625,325.350006103516,315,319.529998779297,35560400,314.786224365234
2023-09-22,321.320007324219,321.450012207031,316.149993896484,317.010009765625,21447900,312.303649902344
2023-09-25,316.589996337891,317.670013427734,315,317.540008544922,17836000,312.825744628906
2023-09-26,315.130004882812,315.880004882812,310.019989013672,312.140014648438,26297600,307.505920410156
2023-09-27,312.299987792969,314.299987792969,309.690002441406,312.790008544922,19410100,308.146270751953
2023-09-28,310.989990234375,315.480010986328,309.450012207031,313.640014648438,19683600,308.983642578125
2023-09-29,317.75,319.470001220703,314.980010986328,315.75,24147300,311.062316894531
2023-10-02,316.279998779297,321.890014648438,315.179992675781,321.799987792969,20570000,317.0224609375
2023-10-03,320.829986572266,321.390014648438,311.209991455078,313.390014648438,21033500,308.737365722656
2023-10-04,314.029998779297,320.040008544922,314,318.959991455078,20720100,314.224609375
2023-10-05,319.089996337891,319.980010986328,314.899993896484,319.359985351562,16965600,314.618713378906
2023-10-06,316.549987792969,329.190002441406,316.299987792969,327.260009765625,25673600,322.401458740234
2023-10-09,324.75,330.299987792969,323.179992675781,329.820007324219,19891200,324.923431396484
2023-10-10,330.959991455078,331.100006103516,327.670013427734,328.390014648438,20557100,323.514678955078
2023-10-11,331.209991455078,332.820007324219,329.140014648438,332.420013427734,20063200,327.484802246094
2023-10-12,330.570007324219,333.630004882812,328.720001220703,331.160003662109,19313100,326.243530273438
2023-10-13,332.380004882812,333.829986572266,326.359985351562,327.730010986328,21072400,322.864440917969
2023-10-16,331.049987792969,336.140014648438,330.600006103516,332.640014648438,22158000,327.701568603516
2023-10-17,329.589996337891,333.459991455078,327.410003662109,332.059997558594,18338500,327.130157470703
2023-10-18,332.489990234375,335.589996337891,328.299987792969,330.109985351562,23153600,325.209136962891
2023-10-19,332.149993896484,336.880004882812,330.910003662109,331.320007324219,25052100,326.401184082031
2023-10-20,331.720001220703,331.920013427734,325.450012207031,326.670013427734,25027700,321.820251464844
2023-10-23,325.470001220703,332.730010986328,324.390014648438,329.320007324219,24374700,324.430877685547
2023-10-24,331.299987792969,331.839996337891,327.600006103516,330.529998779297,31153600,325.622833251953
2023-10-25,345.019989013672,346.200012207031,337.619995117188,340.670013427734,55053800,335.612335205078
2023-10-26,340.540008544922,341.630004882812,326.940002441406,327.890014648438,37828500,323.022125244141
2023-10-27,330.429992675781,336.720001220703,328.399993896484,329.809997558594,29856500,324.913604736328
2023-10-30,333.410003662109,339.450012207031,331.829986572266,337.309997558594,22828100,332.30224609375
2023-10-31,338.850006103516,339,334.690002441406,338.109985351562,20265300,333.090270996094
2023-11-01,339.790008544922,347.420013427734,339.649993896484,346.070007324219,28158800,340.932189941406
2023-11-02,347.239990234375,348.829986572266,344.769989013672,348.320007324219,24348100,343.148742675781
2023-11-03,349.630004882812,354.390014648438,347.329986572266,352.799987792969,23637700,347.562255859375
2023-11-06,353.450012207031,357.540008544922,353.350006103516,356.529998779297,23828300,351.236877441406
2023-11-07,359.399993896484,362.459991455078,357.630004882812,360.529998779297,25833900,355.177490234375
2023-11-08,361.679992675781,363.869995117188,360.549987792969,363.200012207031,26767800,357.807830810547
2023-11-09,362.299987792969,364.790008544922,360.359985351562,360.690002441406,24847300,355.335144042969
2023-11-10,361.489990234375,370.100006103516,361.070007324219,369.670013427734,28042100,364.181823730469
2023-11-13,368.220001220703,368.470001220703,365.899993896484,366.679992675781,19986500,361.236206054688
2023-11-14,371.010009765625,371.950012207031,367.350006103516,370.269989013672,27683900,364.772857666016
2023-11-15,371.279998779297,373.130004882812,367.109985351562,369.670013427734,26860100,364.920989990234
2023-11-16,370.959991455078,376.350006103516,370.179992675781,376.170013427734,27182300,371.337463378906
2023-11-17,373.609985351562,374.369995117188,367,369.850006103516,40157000,365.098663330078
2023-11-20,371.220001220703,378.869995117188,371,377.440002441406,52465100,372.591125488281
2023-11-21,375.670013427734,376.220001220703,371.119995117188,373.070007324219,28423100,368.277252197266
2023-11-22,378,379.790008544922,374.970001220703,377.850006103516,23345300,372.995880126953
2023-11-24,377.329986572266,377.970001220703,375.140014648438,377.429992675781,10176600,372.581268310547
2023-11-27,376.779998779297,380.640014648438,376.200012207031,378.609985351562,22179200,373.746124267578
2023-11-28,378.350006103516,383,378.160003662109,382.700012207031,20453100,377.783569335938
2023-11-29,383.760009765625,384.299987792969,377.440002441406,378.850006103516,28963400,373.983062744141
2023-11-30,378.489990234375,380.089996337891,375.470001220703,378.910003662109,30554400,374.042266845703
2023-12-01,376.760009765625,378.160003662109,371.309997558594,374.510009765625,33040500,369.698822021484
2023-12-04,369.100006103516,369.519989013672,362.899993896484,369.140014648438,32063300,364.397796630859
2023-12-05,366.450012207031,373.079986572266,365.619995117188,372.519989013672,23065000,367.734344482422
2023-12-06,373.540008544922,374.179992675781,368.029998779297,368.799987792969,21182100,364.062103271484
2023-12-07,368.230010986328,371.450012207031,366.320007324219,370.950012207031,23118900,366.184539794922
2023-12-08,369.200012207031,374.459991455078,368.230010986328,374.230010986328,20154400,369.422393798828
2023-12-11,368.480010986328,371.600006103516,366.100006103516,371.299987792969,27708800,366.529998779297
2023-12-12,370.850006103516,374.420013427734,370.459991455078,374.380004882812,24838300,369.570495605469
2023-12-13,376.019989013672,377.640014648438,370.769989013672,374.369995117188,30955500,369.560577392578
2023-12-14,373.309997558594,373.760009765625,364.130004882812,365.929992675781,43277500,361.228973388672
2023-12-15,366.850006103516,372.399993896484,366.279998779297,370.730010986328,78502300,365.967315673828
2023-12-18,369.450012207031,373,368.679992675781,372.649993896484,21802900,367.862670898438
2023-12-19,371.489990234375,373.260009765625,369.839996337891,373.260009765625,20603700,368.46484375
2023-12-20,375,376.029998779297,370.529998779297,370.619995117188,26316700,365.858795166016
2023-12-21,372.559997558594,374.410003662109,370.040008544922,373.540008544922,17708000,368.741271972656
2023-12-22,373.679992675781,375.179992675781,372.709991455078,374.579986572266,17107500,369.767913818359
2023-12-26,375,376.940002441406,373.5,374.660003662109,12673100,369.846862792969
2023-12-27,373.690002441406,375.059997558594,372.809997558594,374.070007324219,14905400,369.264434814453
2023-12-28,375.369995117188,376.459991455078,374.160003662109,375.279998779297,14327000,370.458892822266
2023-12-29,376,377.160003662109,373.480010986328,376.040008544922,18730800,371.209136962891
2024-01-02,373.859985351562,375.899993896484,366.769989013672,370.869995117188,25258600,366.105529785156
2024-01-03,369.010009765625,373.260009765625,368.510009765625,370.600006103516,23083500,365.839019775391
2024-01-04,370.670013427734,373.100006103516,367.170013427734,367.940002441406,20901500,363.213195800781
2024-01-05,368.970001220703,372.059997558594,366.5,367.75,21004600,363.025604248047
2024-01-08,369.299987792969,375.200012207031,369.010009765625,374.690002441406,23134000,369.876495361328
2024-01-09,372.010009765625,375.989990234375,371.190002441406,375.790008544922,20830000,370.962371826172
2024-01-10,376.369995117188,384.170013427734,376.320007324219,382.769989013672,25514200,377.852691650391
2024-01-11,386,390.679992675781,380.380004882812,384.630004882812,27850800,379.688751220703
2024-01-12,385.489990234375,388.679992675781,384.649993896484,388.470001220703,21661200,383.479400634766
2024-01-16,393.660003662109,394.029998779297,387.619995117188,390.269989013672,27202300,385.256286621094
2024-01-17,387.980010986328,390.109985351562,384.809997558594,389.470001220703,22234100,384.466613769531
2024-01-18,391.720001220703,393.989990234375,390.119995117188,393.869995117188,23392100,388.81005859375
2024-01-19,395.760009765625,398.670013427734,393.5,398.670013427734,29331100,393.548431396484
2024-01-22,400.019989013672,400.619995117188,393.589996337891,396.510009765625,27016900,391.416137695312
2024-01-23,395.75,399.380004882812,393.929992675781,398.899993896484,20525900,393.775451660156
2024-01-24,401.540008544922,405.630004882812,400.450012207031,402.559997558594,24867000,397.388427734375
2024-01-25,404.320007324219,407.010009765625,402.529998779297,404.869995117188,21021200,399.668762207031
2024-01-26,404.369995117188,406.170013427734,402.429992675781,403.929992675781,17803300,398.740814208984
2024-01-29,406.059997558594,409.980010986328,404.329986572266,409.720001220703,24510200,404.456481933594
2024-01-30,412.260009765625,413.049987792969,406.450012207031,408.589996337891,33477600,403.340972900391
2024-01-31,406.959991455078,415.320007324219,397.209991455078,397.579986572266,47871100,392.472381591797
2024-02-01,401.829986572266,408,401.799987792969,403.779998779297,30657700,398.5927734375
2024-02-02,403.809997558594,412.649993896484,403.559997558594,411.220001220703,28256700,405.937225341797
2024-02-05,409.899993896484,411.160003662109,403.989990234375,405.649993896484,25352300,400.438781738281
2024-02-06,405.880004882812,407.970001220703,402.910003662109,405.489990234375,18382600,400.280792236328
2024-02-07,407.440002441406,414.299987792969,407.399993896484,414.049987792969,22340500,408.730804443359
2024-02-08,414.049987792969,415.559997558594,412.529998779297,414.109985351562,21225300,408.790069580078
2024-02-09,415.25,420.820007324219,415.089996337891,420.549987792969,22032800,415.147338867188
2024-02-12,420.559997558594,420.739990234375,414.75,415.260009765625,21202900,409.92529296875
2024-02-13,404.940002441406,410.070007324219,403.390014648438,406.320007324219,27824900,401.100128173828
2024-02-14,408.070007324219,409.839996337891,404.570007324219,409.489990234375,20401200,404.976959228516
2024-02-15,408.140014648438,409.130004882812,404.290008544922,406.559997558594,21825500,402.079223632812
2024-02-16,407.959991455078,408.290008544922,403.440002441406,404.059997558594,22296500,399.606811523438
2024-02-20,403.239990234375,404.489990234375,398.010009765625,402.790008544922,24307900,398.350769042969
2024-02-21,400.170013427734,402.290008544922,397.220001220703,402.179992675781,18518900,397.747497558594
2024-02-22,410.190002441406,412.829986572266,408.570007324219,411.649993896484,27009900,407.113098144531
2024-02-23,415.670013427734,415.859985351562,408.970001220703,410.339996337891,16295900,405.817565917969
2024-02-26,411.459991455078,412.160003662109,407.359985351562,407.540008544922,16193500,403.048400878906
2024-02-27,407.989990234375,408.320007324219,403.850006103516,407.480010986328,14835800,402.989105224609
2024-02-28,408.179992675781,409.299987792969,405.320007324219,407.720001220703,13183100,403.226470947266
2024-02-29,408.640014648438,414.200012207031,405.920013427734,413.640014648438,31947300,409.081207275391
2024-03-01,411.269989013672,415.869995117188,410.880004882812,415.5,17823400,410.920654296875
2024-03-04,413.440002441406,417.350006103516,412.320007324219,414.920013427734,17596000,410.347076416016
2024-03-05,413.959991455078,414.25,400.640014648438,402.649993896484,26919200,398.212310791016
2024-03-06,402.970001220703,405.160003662109,398.390014648438,402.089996337891,22344100,397.658508300781
2024-03-07,406.119995117188,409.779998779297,402.239990234375,409.140014648438,18718500,404.630798339844
2024-03-08,407.959991455078,410.420013427734,404.329986572266,406.220001220703,18002200,401.742980957031
2024-03-11,403.760009765625,405.679992675781,401.260009765625,404.519989013672,16120800,400.061737060547
2024-03-12,407.619995117188,415.570007324219,406.790008544922,415.279998779297,22457000,410.703094482422
2024-03-13,418.100006103516,418.179992675781,411.450012207031,415.100006103516,17115900,410.525115966797
2024-03-14,420.239990234375,427.820007324219,417.989990234375,425.220001220703,34157300,420.533569335938
2024-03-15,419.290008544922,422.600006103516,412.790008544922,416.420013427734,45079900,411.830535888672
2024-03-18,414.25,420.730010986328,413.779998779297,417.320007324219,20106000,412.720611572266
2024-03-19,417.829986572266,421.670013427734,415.549987792969,421.410003662109,19837900,416.765563964844
2024-03-20,422,425.959991455078,420.660003662109,425.230010986328,17860100,420.54345703125
2024-03-21,429.829986572266,430.820007324219,427.160003662109,429.369995117188,21296200,424.637786865234
2024-03-22,429.700012207031,429.859985351562,426.070007324219,428.739990234375,17648500,424.014770507812
2024-03-25,425.239990234375,427.410003662109,421.609985351562,422.859985351562,18060500,418.199554443359
2024-03-26,425.609985351562,425.989990234375,421.350006103516,421.649993896484,16725600,417.002868652344
2024-03-27,424.440002441406,424.450012207031,419.010009765625,421.429992675781,16705000,416.785339355469
2024-03-28,420.959991455078,421.869995117188,419.119995117188,420.720001220703,21871200,416.083190917969
2024-04-01,423.950012207031,427.890014648438,422.220001220703,424.570007324219,16316000,419.890747070312
2024-04-02,420.109985351562,422.380004882812,417.839996337891,421.440002441406,17912000,416.795227050781
2024-04-03,419.730010986328,423.260009765625,419.089996337891,420.450012207031,16502300,415.816131591797
2024-04-04,424.989990234375,428.670013427734,417.570007324219,417.880004882812,19370900,413.274475097656
2024-04-05,420.010009765625,426.510009765625,418.320007324219,425.519989013672,16554800,420.830230712891
2024-04-08,425.170013427734,427.279998779297,423.299987792969,424.589996337891,14272400,419.910522460938
2024-04-09,426.440002441406,427.739990234375,421.619995117188,426.279998779297,12496900,421.581909179688
2024-04-10,422.190002441406,424.029998779297,419.700012207031,423.260009765625,16216600,418.595184326172
2024-04-11,425.820007324219,429.369995117188,422.359985351562,427.929992675781,17966400,423.213684082031
2024-04-12,424.049987792969,425.179992675781,419.769989013672,421.899993896484,19253800,417.250152587891
2024-04-15,426.600006103516,426.820007324219,413.429992675781,413.640014648438,20273500,409.081207275391
2024-04-16,414.570007324219,418.399993896484,413.730010986328,414.579986572266,16765600,410.010833740234
2024-04-17,417.25,418.880004882812,410.329986572266,411.839996337891,15855500,407.301025390625
2024-04-18,410.630004882812,411.890014648438,403.950012207031,404.269989013672,21029900,399.814422607422
2024-04-19,404.029998779297,405.480010986328,397.769989013672,399.119995117188,30565800,394.721221923828
2024-04-22,400.079986572266,402.850006103516,395.75,400.959991455078,20286900,396.540924072266
2024-04-23,404.239990234375,408.200012207031,403.059997558594,407.570007324219,15734500,403.078125
2024-04-24,409.559997558594,412.470001220703,406.779998779297,409.059997558594,15065300,404.551666259766
2024-04-25,394.029998779297,399.890014648438,388.029998779297,399.040008544922,40586500,394.642120361328
2024-04-26,412.170013427734,413,405.760009765625,406.320007324219,29694700,401.841918945312
2024-04-29,405.25,406.320007324219,399.190002441406,402.25,19582100,397.816711425781
2024-04-30,401.489990234375,402.160003662109,389.170013427734,389.329986572266,28781400,385.039123535156
2024-05-01,392.609985351562,401.720001220703,390.309997558594,394.940002441406,23562500,390.587310791016
2024-05-02,397.660003662109,399.929992675781,394.649993896484,397.839996337891,17709400,393.455322265625
2024-05-03,402.279998779297,407.149993896484,401.859985351562,406.660003662109,17446700,402.178131103516
2024-05-06,408.760009765625,413.929992675781,406.369995117188,413.540008544922,16996600,408.982269287109
2024-05-07,414.660003662109,414.670013427734,409.089996337891,409.339996337891,20018200,404.828582763672
2024-05-08,408.170013427734,412.230010986328,406.709991455078,410.540008544922,11792300,406.015350341797
2024-05-09,410.570007324219,412.720001220703,409.100006103516,412.320007324219,14689700,407.775756835938
2024-05-10,412.940002441406,415.380004882812,411.799987792969,414.739990234375,13402300,410.169097900391
2024-05-13,418.010009765625,418.350006103516,410.820007324219,413.720001220703,15440200,409.160308837891
2024-05-14,412.019989013672,417.489990234375,411.549987792969,416.559997558594,15109300,411.968994140625
2024-05-15,417.899993896484,423.809997558594,417.269989013672,423.079986572266,22239500,419.171844482422
2024-05-16,421.799987792969,425.420013427734,420.350006103516,420.989990234375,17530100,417.101135253906
2024-05-17,422.540008544922,422.920013427734,418.029998779297,420.209991455078,15352200,416.328369140625
2024-05-20,420.209991455078,426.769989013672,419.989990234375,425.339996337891,16272100,421.410980224609
2024-05-21,426.829986572266,432.970001220703,424.850006103516,429.040008544922,21453300,425.076812744141
2024-05-22,430.089996337891,432.410003662109,427.130004882812,430.519989013672,18073700,426.543151855469
2024-05-23,432.970001220703,433.600006103516,425.420013427734,427,17211700,423.0556640625
2024-05-24,427.190002441406,431.059997558594,424.410003662109,430.160003662109,11855300,426.186462402344
2024-05-28,429.630004882812,430.820007324219,426.600006103516,430.320007324219,15718000,426.344970703125
2024-05-29,425.690002441406,430.940002441406,425.690002441406,429.170013427734,15517100,425.205596923828
2024-05-30,424.299987792969,424.299987792969,414.239990234375,414.670013427734,28394500,410.839538574219
2024-05-31,416.75,416.75,404.510009765625,415.130004882812,47995300,411.295318603516
2024-06-03,415.529998779297,416.429992675781,408.920013427734,413.519989013672,17484700,409.700164794922
2024-06-04,412.429992675781,416.440002441406,409.679992675781,416.070007324219,14348900,412.226593017578
2024-06-05,417.809997558594,424.079986572266,416.299987792969,424.010009765625,16988000,420.09326171875
2024-06-06,424.010009765625,425.309997558594,420.579986572266,424.519989013672,14861300,420.598541259766
2024-06-07,426.200012207031,426.279998779297,423,423.850006103516,13621700,419.934753417969
2024-06-10,424.700012207031,428.079986572266,423.890014648438,427.869995117188,13982900,423.917633056641
2024-06-11,425.480010986328,432.820007324219,425.25,432.679992675781,14551100,428.683166503906
2024-06-12,435.320007324219,443.399993896484,433.25,441.059997558594,22366200,436.985778808594
2024-06-13,440.850006103516,443.390014648438,439.369995117188,441.579986572266,15960600,437.501007080078
2024-06-14,438.279998779297,443.140014648438,436.720001220703,442.570007324219,13582000,438.481842041016
2024-06-17,442.589996337891,450.940002441406,440.720001220703,448.369995117188,20790000,444.228240966797
2024-06-18,449.709991455078,450.140014648438,444.890014648438,446.339996337891,17112500,442.216979980469
2024-06-20,446.299987792969,446.529998779297,441.269989013672,445.700012207031,19877400,441.582916259766
2024-06-21,447.380004882812,450.579986572266,446.510009765625,449.779998779297,34187100,445.625244140625
2024-06-24,449.799987792969,452.75,446.410003662109,447.670013427734,15913700,443.534729003906
2024-06-25,448.25,451.420013427734,446.75,450.950012207031,16413400,446.784423828125
2024-06-26,449,453.600006103516,448.190002441406,452.160003662109,16507000,447.983276367188
2024-06-27,452.179992675781,456.170013427734,451.769989013672,452.850006103516,14806300,448.666870117188
2024-06-28,453.070007324219,455.380004882812,446.410003662109,446.950012207031,28362300,442.821350097656
2024-07-01,448.660003662109,457.369995117188,445.660003662109,456.730010986328,17662800,452.511016845703
2024-07-02,453.200012207031,459.589996337891,453.109985351562,459.279998779297,13979800,455.037475585938
2024-07-03,458.190002441406,461.019989013672,457.880004882812,460.769989013672,9932800,456.513702392578
2024-07-05,459.609985351562,468.350006103516,458.970001220703,467.559997558594,16000300,463.240966796875
2024-07-08,466.549987792969,467.700012207031,464.459991455078,466.239990234375,12962300,461.933197021484
2024-07-09,467,467.329986572266,458,459.540008544922,17207200,455.295074462891
2024-07-10,461.220001220703,466.459991455078,458.859985351562,466.25,18196100,461.943084716797
2024-07-11,462.980010986328,464.779998779297,451.549987792969,454.700012207031,23111200,450.499755859375
2024-07-12,454.329986572266,456.359985351562,450.649993896484,453.549987792969,16324300,449.360382080078
2024-07-15,453.299987792969,457.260009765625,451.429992675781,453.959991455078,14429400,449.766632080078
2024-07-16,454.220001220703,454.299987792969,446.660003662109,449.519989013672,17175700,445.367645263672
2024-07-17,442.589996337891,444.850006103516,439.179992675781,443.519989013672,21778000,439.423004150391
2024-07-18,444.339996337891,444.649993896484,434.399993896484,440.369995117188,20794800,436.302124023438
2024-07-19,433.100006103516,441.140014648438,432,437.109985351562,20940400,433.072265625
2024-07-22,441.790008544922,444.600006103516,438.910003662109,442.940002441406,15808800,438.848388671875
2024-07-23,443.899993896484,448.390014648438,443.100006103516,444.850006103516,13107100,440.740783691406
2024-07-24,440.450012207031,441.480010986328,427.589996337891,428.899993896484,26805800,424.938079833984
2024-07-25,428.799987792969,429.799987792969,417.510009765625,418.399993896484,29943800,414.535125732422
2024-07-26,418.200012207031,428.920013427734,417.269989013672,425.269989013672,23583800,421.341613769531
2024-07-29,431.579986572266,432.149993896484,424.700012207031,426.730010986328,15125800,422.788146972656
2024-07-30,427.720001220703,429.049987792969,417.359985351562,422.920013427734,32687600,419.013366699219
2024-07-31,420.5,421.779998779297,412.209991455078,418.350006103516,42891400,414.485595703125
2024-08-01,420.790008544922,427.459991455078,413.089996337891,417.109985351562,30296400,413.256988525391
2024-08-02,412.489990234375,415,404.339996337891,408.489990234375,29437900,404.716644287109
2024-08-05,389.170013427734,401.040008544922,385.579986572266,395.149993896484,40709200,391.499847412109
2024-08-06,400,405.670013427734,398.5,399.609985351562,24946500,395.918701171875
2024-08-07,408.640014648438,410.079986572266,397.470001220703,398.429992675781,20650900,394.749572753906
2024-08-08,402.440002441406,405.859985351562,399.940002441406,402.690002441406,20203000,398.97021484375
2024-08-09,404.029998779297,408.049987792969,402.260009765625,406.019989013672,19276700,402.269439697266
2024-08-12,407.059997558594,408.760009765625,404.239990234375,406.809997558594,16762900,403.052154541016
2024-08-13,409.589996337891,414.950012207031,409.570007324219,414.010009765625,19414300,410.185638427734
2024-08-14,414.799987792969,417.720001220703,412.450012207031,416.859985351562,18267000,413.009307861328
2024-08-15,419.799987792969,421.109985351562,417.660003662109,421.029998779297,20752100,417.892639160156
2024-08-16,420.600006103516,421.339996337891,417.299987792969,418.470001220703,22775600,415.351715087891
2024-08-19,418.959991455078,421.75,416.459991455078,421.529998779297,15234000,418.388916015625
2024-08-20,421.700012207031,425.859985351562,421.640014648438,424.799987792969,16387600,421.634552001953
2024-08-21,424.079986572266,426.399993896484,421.720001220703,424.140014648438,16067300,420.9794921875
2024-08-22,424.359985351562,426.790008544922,414.609985351562,415.549987792969,19361900,412.453460693359
2024-08-23,416.980010986328,419.260009765625,412.089996337891,416.790008544922,18493800,413.684234619141
2024-08-26,416.369995117188,417.279998779297,411.339996337891,413.489990234375,13152800,410.408843994141
2024-08-27,412.859985351562,414.359985351562,410.25,413.839996337891,13492900,410.756225585938
2024-08-28,414.880004882812,415,407.309997558594,410.600006103516,14882700,407.540374755859
2024-08-29,414.940002441406,422.049987792969,410.600006103516,413.119995117188,17045200,410.041595458984
2024-08-30,415.600006103516,417.489990234375,412.130004882812,417.140014648438,24308300,414.031646728516
2024-09-03,417.910003662109,419.880004882812,407.029998779297,409.440002441406,20313600,406.389038085938
2024-09-04,405.910003662109,411.239990234375,404.369995117188,408.899993896484,15135800,405.853057861328
2024-09-05,407.619995117188,413.100006103516,406.130004882812,408.390014648438,14195500,405.346862792969
2024-09-06,409.059997558594,410.649993896484,400.799987792969,401.700012207031,19609500,398.706726074219
2024-09-09,407.239990234375,408.649993896484,402.149993896484,405.720001220703,15295100,402.696746826172
2024-09-10,408.200012207031,416.329986572266,407.700012207031,414.200012207031,19594300,411.113555908203
2024-09-11,415.5,423.989990234375,409.579986572266,423.040008544922,19266900,419.8876953125
2024-09-12,423.309997558594,427.369995117188,419.75,427,17395700,423.818176269531
2024-09-13,425.829986572266,431.829986572266,425.459991455078,430.589996337891,15874600,427.381408691406
2024-09-16,430.600006103516,433.529998779297,428.220001220703,431.339996337891,13834700,428.125823974609
2024-09-17,440.230010986328,441.850006103516,432.269989013672,435.149993896484,18874200,431.907440185547
2024-09-18,435,436.029998779297,430.410003662109,430.809997558594,18898000,427.599792480469
2024-09-19,441.230010986328,441.5,436.899993896484,438.690002441406,21706600,435.421081542969
2024-09-20,437.220001220703,439.239990234375,434.220001220703,435.269989013672,55167100,432.026519775391
2024-09-23,434.279998779297,436.459991455078,430.390014648438,433.510009765625,15128900,430.279663085938
2024-09-24,433,433.350006103516,426.100006103516,429.170013427734,17015800,425.971984863281
2024-09-25,429.829986572266,433.119995117188,428.570007324219,432.109985351562,13396400,428.890075683594
2024-09-26,435.089996337891,435.299987792969,429.130004882812,431.309997558594,14492000,428.096038818359
2024-09-27,431.519989013672,431.850006103516,427.470001220703,428.019989013672,14896100,424.83056640625
2024-09-30,428.209991455078,430.420013427734,425.369995117188,430.299987792969,16807300,427.093566894531
2024-10-01,428.450012207031,428.480010986328,418.809997558594,420.690002441406,19092900,417.55517578125
2024-10-02,422.579986572266,422.820007324219,416.709991455078,417.130004882812,16582300,414.021728515625
2024-10-03,417.630004882812,419.549987792969,414.290008544922,416.540008544922,13686400,413.436157226562
2024-10-04,418.239990234375,419.75,414.970001220703,416.059997558594,19169700,412.959686279297
2024-10-07,416,417.109985351562,409,409.540008544922,20919800,406.488311767578
2024-10-08,410.899993896484,415.660003662109,408.170013427734,414.709991455078,19229300,411.619781494141
2024-10-09,415.859985351562,420.380004882812,414.299987792969,417.459991455078,14974300,414.349243164062
2024-10-10,415.230010986328,417.350006103516,413.149993896484,415.839996337891,13848400,412.741302490234
2024-10-11,416.140014648438,417.130004882812,413.25,416.320007324219,14144900,413.217742919922
2024-10-14,417.769989013672,424.040008544922,417.519989013672,419.140014648438,16653100,416.016723632812
2024-10-15,422.179992675781,422.480010986328,415.260009765625,418.739990234375,18900200,415.619689941406
2024-10-16,415.170013427734,416.359985351562,410.480010986328,416.119995117188,15508900,413.019226074219
2024-10-17,422.359985351562,422.5,415.589996337891,416.720001220703,14820000,413.614776611328
2024-10-18,417.140014648438,419.649993896484,416.260009765625,418.160003662109,17145300,415.044036865234
2024-10-21,416.119995117188,418.959991455078,413.75,418.779998779297,14206100,415.659454345703
2024-10-22,418.489990234375,430.579986572266,418.040008544922,427.510009765625,25482200,424.324401855469
2024-10-23,430.859985351562,431.079986572266,422.529998779297,424.600006103516,19654400,421.436065673828
2024-10-24,425.329986572266,425.980010986328,422.399993896484,424.730010986328,13581600,421.565093994141
2024-10-25,426.760009765625,432.519989013672,426.570007324219,428.149993896484,16899100,424.959594726562
2024-10-28,431.660003662109,431.940002441406,426.299987792969,426.589996337891,14882400,423.411224365234
2024-10-29,428,433.170013427734,425.799987792969,431.950012207031,17644100,428.731323242188
2024-10-30,437.440002441406,438.5,432.100006103516,432.529998779297,29749100,429.306976318359
2024-10-31,415.359985351562,416.160003662109,406.299987792969,406.350006103516,53971000,403.322052001953
2024-11-01,409.010009765625,415.5,407.5,410.369995117188,24230400,407.312072753906
2024-11-04,409.799987792969,410.420013427734,405.570007324219,408.459991455078,19672300,405.416290283203
2024-11-05,408.369995117188,414.899993896484,408.079986572266,411.459991455078,17626000,408.393981933594
2024-11-06,412.420013427734,420.450012207031,410.519989013672,420.179992675781,26681800,417.049011230469
2024-11-07,421.279998779297,426.850006103516,419.880004882812,425.429992675781,19901800,422.259857177734
2024-11-08,425.320007324219,426.5,421.779998779297,422.540008544922,16891400,419.391418457031
2024-11-11,422.519989013672,424.809997558594,416,418.010009765625,24503300,414.895172119141
2024-11-12,418.25,424.440002441406,417.200012207031,423.029998779297,19401200,419.877746582031
2024-11-13,421.640014648438,429.329986572266,418.209991455078,425.200012207031,21502200,422.031616210938
2024-11-14,425,428.170013427734,420,426.890014648438,30246900,423.709014892578
2024-11-15,419.820007324219,422.799987792969,413.640014648438,415,28247600,411.907592773438
2024-11-18,414.869995117188,418.399993896484,412.100006103516,415.760009765625,24727000,412.661926269531
2024-11-19,413.109985351562,417.940002441406,411.549987792969,417.790008544922,18133500,414.676818847656
2024-11-20,416.869995117188,417.290008544922,410.579986572266,415.489990234375,19191700,412.393920898438
2024-11-21,419.5,419.779998779297,410.290008544922,412.869995117188,20780200,410.613708496094
2024-11-22,411.369995117188,417.399993896484,411.059997558594,417,24814600,414.721160888672
2024-11-25,418.380004882812,421.079986572266,414.850006103516,418.790008544922,27691100,416.501373291016
2024-11-26,419.589996337891,429.040008544922,418.850006103516,427.989990234375,23458900,425.651092529297
2024-11-27,425.109985351562,427.230010986328,422.019989013672,422.989990234375,18332400,420.678436279297
2024-11-29,420.089996337891,424.880004882812,417.799987792969,423.459991455078,16271900,421.145843505859
2024-12-02,421.570007324219,433,421.309997558594,430.980010986328,20207200,428.624786376953
2024-12-03,429.839996337891,432.470001220703,427.739990234375,431.200012207031,18302000,428.843566894531
2024-12-04,433.029998779297,439.670013427734,432.630004882812,437.420013427734,26009400,435.029571533203
2024-12-05,437.920013427734,444.660003662109,436.170013427734,442.619995117188,21697800,440.201110839844
2024-12-06,442.299987792969,446.100006103516,441.769989013672,443.570007324219,18821000,441.145935058594
2024-12-09,442.600006103516,448.329986572266,440.5,446.019989013672,19144400,443.58251953125
2024-12-10,444.390014648438,449.619995117188,441.600006103516,443.329986572266,18469500,440.907257080078
2024-12-11,444.049987792969,450.350006103516,444.049987792969,448.989990234375,19200200,446.536346435547
2024-12-12,449.109985351562,456.160003662109,449.109985351562,449.559997558594,20834800,447.103210449219
2024-12-13,448.440002441406,451.429992675781,445.579986572266,447.269989013672,20177800,444.825714111328
2024-12-16,447.269989013672,452.179992675781,445.279998779297,451.589996337891,23598800,449.122131347656
2024-12-17,451.010009765625,455.290008544922,449.570007324219,454.459991455078,22733500,451.976440429688
2024-12-18,451.320007324219,452.649993896484,437.019989013672,437.390014648438,24444500,434.999755859375
2024-12-19,441.619995117188,443.179992675781,436.320007324219,437.029998779297,22963700,434.641693115234
2024-12-20,433.109985351562,443.739990234375,428.630004882812,436.600006103516,64263700,434.214050292969
2024-12-23,436.739990234375,437.649993896484,432.829986572266,435.25,19152500,432.871429443359
2024-12-24,434.649993896484,439.600006103516,434.190002441406,439.329986572266,7164500,436.929107666016
2024-12-26,439.079986572266,440.940002441406,436.630004882812,438.109985351562,8194200,435.715789794922
2024-12-27,434.600006103516,435.220001220703,426.350006103516,430.529998779297,18117700,428.177215576172
2024-12-30,426.059997558594,427.549987792969,421.899993896484,424.829986572266,13158700,422.508331298828
2024-12-31,426.100006103516,426.730010986328,420.660003662109,421.5,13246500,419.196563720703
2025-01-02,425.529998779297,426.070007324219,414.850006103516,418.579986572266,16896500,416.292510986328
2025-01-03,421.079986572266,424.029998779297,419.540008544922,423.350006103516,16662900,421.036468505859
2025-01-06,428,434.320007324219,425.480010986328,427.850006103516,20573600,425.511871337891
2025-01-07,429,430.649993896484,420.799987792969,422.369995117188,18139100,420.061798095703
2025-01-08,423.459991455078,426.970001220703,421.540008544922,424.559997558594,15054600,422.239868164062
2025-01-10,424.630004882812,424.709991455078,415.019989013672,418.950012207031,20201100,416.660491943359
2025-01-13,415.239990234375,418.5,412.290008544922,417.190002441406,17604800,414.910125732422
2025-01-14,417.809997558594,419.739990234375,410.720001220703,415.670013427734,16935900,413.3984375
2025-01-15,419.130004882812,428.149993896484,418.269989013672,426.309997558594,19637800,423.980285644531
2025-01-16,428.700012207031,429.489990234375,424.390014648438,424.579986572266,15300000,422.259704589844
2025-01-17,434.089996337891,434.480010986328,428.170013427734,429.029998779297,26197500,426.685424804688
2025-01-21,430.200012207031,430.899993896484,425.600006103516,428.5,26085700,426.158294677734
2025-01-22,437.559997558594,447.269989013672,436,446.200012207031,27803800,443.761627197266
2025-01-23,442,446.75,441.5,446.709991455078,18389300,444.268768310547
2025-01-24,445.160003662109,446.649993896484,441.399993896484,444.059997558594,15549500,441.633270263672
2025-01-27,424.010009765625,435.200012207031,423.5,434.559997558594,35647800,432.185180664062
2025-01-28,434.600006103516,448.380004882812,431.380004882812,447.200012207031,23491700,444.756134033203
2025-01-29,446.690002441406,446.880004882812,440.399993896484,442.329986572266,23581400,439.912719726562
2025-01-30,418.769989013672,422.859985351562,413.160003662109,414.989990234375,54586300,412.722137451172
2025-01-31,418.980010986328,420.690002441406,414.910003662109,415.059997558594,34161900,412.791778564453
2025-02-03,411.600006103516,415.410003662109,408.660003662109,410.920013427734,25679100,408.674407958984
2025-02-04,412.690002441406,413.920013427734,409.739990234375,412.369995117188,20532100,410.116455078125
2025-02-05,412.350006103516,413.829986572266,410.399993896484,413.290008544922,16316700,411.031463623047
2025-02-06,414,418.200012207031,414,415.820007324219,16309800,413.547607421875
2025-02-07,416.480010986328,418.649993896484,408.100006103516,409.75,22886800,407.510772705078
2025-02-10,413.709991455078,415.459991455078,410.920013427734,412.220001220703,20817900,409.96728515625
2025-02-11,409.640014648438,412.489990234375,409.299987792969,411.440002441406,18140600,409.191558837891
2025-02-12,407.209991455078,410.75,404.369995117188,409.040008544922,19121700,406.804656982422
2025-02-13,407,411,406.359985351562,410.540008544922,23891700,408.296478271484
2025-02-14,407.790008544922,408.910003662109,405.880004882812,408.429992675781,22758500,406.197967529297
2025-02-18,408,410.600006103516,406.5,409.640014648438,21423100,407.401397705078
2025-02-19,407.880004882812,415.489990234375,407.649993896484,414.769989013672,24114200,412.503326416016
2025-02-20,415.290008544922,419.309997558594,412.540008544922,416.130004882812,23508700,414.685760498047
2025-02-21,417.339996337891,418.049987792969,407.890014648438,408.209991455078,27524800,406.793212890625
2025-02-24,408.510009765625,409.369995117188,399.320007324219,404,26443700,402.597839355469
2025-02-25,401.100006103516,401.920013427734,396.700012207031,397.899993896484,29387400,396.518981933594
2025-02-26,398.010009765625,403.600006103516,394.25,399.730010986328,19619000,398.342651367188
2025-02-27,401.269989013672,405.739990234375,392.170013427734,392.529998779297,21127400,391.167663574219
2025-02-28,392.660003662109,397.630004882812,386.570007324219,396.989990234375,32845700,395.612152099609
2025-03-03,398.820007324219,398.820007324219,386.160003662109,388.489990234375,23007700,387.141662597656
2025-03-04,383.399993896484,392.579986572266,381,388.609985351562,29342900,387.26123046875
2025-03-05,389.339996337891,401.670013427734,388.809997558594,401.019989013672,23433100,399.628173828125
2025-03-06,394.279998779297,402.149993896484,392.679992675781,396.890014648438,23304600,395.512542724609
2025-03-07,392.320007324219,394.799987792969,385.540008544922,393.309997558594,22034100,391.944946289062
2025-03-10,385.839996337891,386.399993896484,377.220001220703,380.160003662109,32840100,378.840606689453
2025-03-11,379,386,376.910003662109,380.450012207031,30380200,379.129577636719
2025-03-12,382.950012207031,385.220001220703,378.950012207031,383.269989013672,24253600,381.939788818359
2025-03-13,383.160003662109,385.320007324219,377.450012207031,378.769989013672,20473000,377.455383300781
2025-03-14,379.779998779297,390.230010986328,379.510009765625,388.559997558594,19952800,387.21142578125
2025-03-17,386.700012207031,392.709991455078,385.570007324219,388.700012207031,22474300,387.350952148438
2025-03-18,387.070007324219,387.369995117188,381.100006103516,383.519989013672,19486900,382.188903808594
2025-03-19,385.529998779297,389.679992675781,384,387.820007324219,19185500,386.474029541016
2025-03-20,385.739990234375,391.790008544922,383.279998779297,386.839996337891,18470500,385.497375488281
2025-03-21,383.220001220703,391.739990234375,382.799987792969,391.260009765625,39675900,389.902069091797
2025-03-24,395.399993896484,395.399993896484,389.809997558594,393.079986572266,21004500,391.715728759766
2025-03-25,393.920013427734,396.359985351562,392.640014648438,395.160003662109,15775000,393.788543701172
2025-03-26,395,395.309997558594,388.570007324219,389.970001220703,16108400,388.616546630859
2025-03-27,390.130004882812,392.239990234375,387.399993896484,390.579986572266,13766800,389.224395751953
2025-03-28,388.079986572266,389.130004882812,376.929992675781,378.799987792969,21632000,377.485290527344
2025-03-31,372.540008544922,377.070007324219,367.239990234375,375.390014648438,35184700,374.087158203125
2025-04-01,374.649993896484,382.850006103516,373.230010986328,382.190002441406,19689500,380.863555908203
2025-04-02,377.970001220703,385.079986572266,376.619995117188,382.140014648438,16092600,380.813720703125
2025-04-03,374.790008544922,377.480010986328,369.350006103516,373.109985351562,30198000,371.815032958984
2025-04-04,364.130004882812,374.589996337891,359.480010986328,359.839996337891,49209900,358.591125488281
2025-04-07,350.880004882812,371,344.790008544922,357.859985351562,50425000,356.617980957031
2025-04-08,368.260009765625,373.649993896484,350.25,354.559997558594,35868900,353.329437255859
2025-04-09,353.540008544922,393.230010986328,353.100006103516,390.489990234375,50199700,389.134704589844
2025-04-10,382.059997558594,383.899993896484,367.799987792969,381.350006103516,38024400,380.026458740234
2025-04-11,380.640014648438,390.049987792969,378.890014648438,388.450012207031,23839200,387.101837158203
2025-04-14,393.220001220703,394.649993896484,384.209991455078,387.809997558594,19251200,386.464019775391
2025-04-15,388.510009765625,391.890014648438,384.160003662109,385.730010986328,17199900,384.391265869141
2025-04-16,380.670013427734,381.609985351562,368,371.609985351562,21967800,370.320251464844
2025-04-17,373.75,374.320007324219,366.890014648438,367.779998779297,21120200,366.503540039062
2025-04-21,362.820007324219,364.480010986328,355.670013427734,359.119995117188,20807300,357.873596191406
2025-04-22,363.380004882812,367.769989013672,359.859985351562,366.820007324219,19485000,365.546905517578
2025-04-23,376.059997558594,380.390014648438,373.019989013672,374.390014648438,20545500,373.090606689453
2025-04-24,375.700012207031,388.450012207031,375.190002441406,387.299987792969,22232300,385.955780029297
2025-04-25,387,392.160003662109,384.600006103516,391.850006103516,18973200,390.490020751953
2025-04-28,391.959991455078,392.739990234375,386.640014648438,391.160003662109,16579400,389.802398681641
2025-04-29,391.299987792969,395.100006103516,390.380004882812,394.040008544922,14974000,392.672424316406
2025-04-30,390.299987792969,396.660003662109,384.440002441406,395.260009765625,36461100,393.88818359375
2025-05-01,431.109985351562,436.989990234375,424.899993896484,425.399993896484,58938100,423.923553466797
2025-05-02,431.739990234375,439.440002441406,429.989990234375,435.279998779297,30757400,433.769287109375
2025-05-05,432.869995117188,439.5,432.109985351562,436.170013427734,20136100,434.656188964844
2025-05-06,432.200012207031,437.730010986328,431.170013427734,433.309997558594,15104200,431.806121826172
2025-05-07,433.839996337891,438.119995117188,431.109985351562,433.350006103516,23295300,431.845977783203
2025-05-08,437.929992675781,443.670013427734,435.660003662109,438.170013427734,23491300,436.649261474609
2025-05-09,440,440.739990234375,435.880004882812,438.730010986328,15324200,437.207336425781
2025-05-12,445.940002441406,449.369995117188,439.779998779297,449.260009765625,22821900,447.700744628906
2025-05-13,447.779998779297,450.670013427734,445.359985351562,449.140014648438,23618800,447.581207275391
2025-05-14,448.140014648438,453.899993896484,448.140014648438,452.940002441406,19902800,451.367980957031
2025-05-15,450.769989013672,456.190002441406,450.429992675781,453.130004882812,21992300,452.386322021484
2025-05-16,452.049987792969,454.359985351562,448.730010986328,454.269989013672,23849800,453.524444580078
2025-05-19,450.880004882812,459.589996337891,450.799987792969,458.869995117188,21336500,458.116882324219
2025-05-20,455.589996337891,458.339996337891,454.320007324219,458.170013427734,15441800,457.418060302734
2025-05-21,454.570007324219,457.779998779297,451.809997558594,452.570007324219,19216900,451.827239990234
2025-05-22,454.950012207031,460.25,453.899993896484,454.859985351562,18025600,454.113464355469
2025-05-23,449.980010986328,453.690002441406,448.910003662109,450.179992675781,16883500,449.441162109375
2025-05-27,456.480010986328,460.950012207031,456.119995117188,460.690002441406,20974300,459.933898925781
2025-05-28,461.220001220703,462.519989013672,456.929992675781,457.359985351562,17086300,456.609375
2025-05-29,461.549987792969,461.720001220703,455.309997558594,458.679992675781,13974800,457.927215576172
2025-05-30,459.720001220703,461.679992675781,455.540008544922,460.359985351562,34770500,459.604431152344
2025-06-02,457.140014648438,462.109985351562,456.890014648438,461.970001220703,16626500,461.211822509766
2025-06-03,461.470001220703,464.140014648438,460.859985351562,462.970001220703,15743800,462.210174560547
2025-06-04,464,465.690002441406,463.019989013672,463.869995117188,14162700,463.108673095703
2025-06-05,464.959991455078,469.649993896484,464.029998779297,467.679992675781,20131700,466.912414550781
2025-06-06,470.089996337891,473.339996337891,468.779998779297,470.380004882812,15285600,469.608001708984
2025-06-09,469.700012207031,473.429992675781,468.619995117188,472.75,16469900,471.97412109375
2025-06-10,471.190002441406,472.799987792969,466.959991455078,470.920013427734,15375900,470.147125244141
2025-06-11,470.019989013672,475.470001220703,469.660003662109,472.619995117188,16399200,471.844329833984
2025-06-12,475.019989013672,480.420013427734,473.519989013672,478.869995117188,18950600,478.084075927734
2025-06-13,476.410003662109,479.179992675781,472.760009765625,474.959991455078,16814500,474.180480957031
2025-06-16,475.209991455078,480.690002441406,475,479.140014648438,15626100,478.353637695312
2025-06-17,475.399993896484,478.739990234375,474.079986572266,478.040008544922,15414100,477.255432128906
2025-06-18,478,481,474.459991455078,480.239990234375,17526500,479.451812744141
2025-06-20,482.230010986328,483.459991455078,476.869995117188,477.399993896484,37576200,476.616485595703
2025-06-23,478.209991455078,487.75,472.510009765625,486,24864000,485.202362060547
2025-06-24,488.950012207031,491.850006103516,486.799987792969,490.109985351562,22305600,489.305603027344
2025-06-25,492.040008544922,494.559997558594,489.390014648438,492.269989013672,17495100,491.462066650391
2025-06-26,492.980010986328,498.040008544922,492.809997558594,497.450012207031,21578900,496.633575439453
2025-06-27,497.549987792969,499.299987792969,493.029998779297,495.940002441406,34539200,495.126068115234
2025-06-30,497.040008544922,500.760009765625,495.329986572266,497.410003662109,28369000,496.593658447266
2025-07-01,496.470001220703,498.049987792969,490.980010986328,492.049987792969,19945400,491.242431640625
2025-07-02,489.989990234375,493.5,488.700012207031,491.089996337891,16319600,490.284027099609
2025-07-03,493.809997558594,500.130004882812,493.440002441406,498.839996337891,13984800,498.021301269531
2025-07-07,497.380004882812,498.75,495.230010986328,497.720001220703,13981600,496.903137207031
2025-07-08,497.239990234375,498.200012207031,494.109985351562,496.619995117188,11846600,495.804931640625
2025-07-09,500.299987792969,506.779998779297,499.739990234375,503.510009765625,18659500,502.683654785156
2025-07-10,503.049987792969,504.440002441406,497.75,501.480010986328,16492100,500.656982421875
2025-07-11,498.470001220703,505.029998779297,497.799987792969,503.320007324219,16459500,502.493957519531
2025-07-14,501.519989013672,503.970001220703,501.029998779297,503.019989013672,12058800,502.194427490234
2025-07-15,503.019989013672,508.299987792969,502.790008544922,505.820007324219,14927200,504.989837646484
2025-07-16,505.179992675781,506.720001220703,501.890014648438,505.619995117188,15154400,504.790161132812
2025-07-17,505.679992675781,513.369995117188,505.619995117188,511.700012207031,17503100,510.860198974609
2025-07-18,514.47998046875,514.640014648438,507.429992675781,510.049987792969,21209700,509.212890625
2025-07-21,506.709991455078,512.090026855469,505.549987792969,510.059997558594,14066800,509.222869873047
2025-07-22,510.970001220703,511.200012207031,505.269989013672,505.269989013672,13868600,504.440734863281
2025-07-23,506.75,506.790008544922,500.700012207031,505.869995117188,16396600,505.039764404297
2025-07-24,508.769989013672,513.669982910156,507.299987792969,510.880004882812,16107000,510.041534423828
2025-07-25,512.469970703125,518.289978027344,510.359985351562,513.710021972656,19125700,512.866943359375
2025-07-28,514.080017089844,515,510.119995117188,512.5,14308000,511.658874511719
2025-07-29,515.530029296875,517.619995117188,511.559997558594,512.570007324219,16469200,511.728759765625
2025-07-30,515.169982910156,515.950012207031,509.440002441406,513.239990234375,26380400,512.397644042969
2025-07-31,555.22998046875,555.450012207031,531.900024414062,533.5,51617300,532.624389648438
2025-08-01,535,535.799987792969,520.859985351562,524.109985351562,28977600,523.249816894531
2025-08-04,528.27001953125,538.25,528.130004882812,535.640014648438,25349000,534.760925292969
2025-08-05,537.179992675781,537.299987792969,527.239990234375,527.75,19171600,526.883850097656
2025-08-06,530.900024414062,531.700012207031,524.030029296875,524.940002441406,21355700,524.078491210938
2025-08-07,526.799987792969,528.090026855469,517.549987792969,520.840026855469,16079100,519.985229492188
2025-08-08,522.599975585938,524.659973144531,519.409973144531,522.039978027344,15531000,521.183227539062
2025-08-11,522.299987792969,527.590026855469,519.719970703125,521.77001953125,20194400,520.913696289062
2025-08-12,523.75,530.97998046875,522.700012207031,529.239990234375,18667000,528.371398925781
2025-08-13,532.109985351562,532.700012207031,519.369995117188,520.580017089844,19619200,519.725646972656
2025-08-14,522.559997558594,525.950012207031,520.140014648438,522.47998046875,20269100,521.622497558594
2025-08-15,522.77001953125,526.099975585938,519.080017089844,520.169982910156,25213300,519.316284179688
2025-08-18,521.590026855469,522.820007324219,514.02001953125,517.099975585938,23760600,516.251281738281
2025-08-19,515,515.159973144531,508.549987792969,509.769989013672,21481000,508.933349609375
2025-08-20,509.869995117188,511,504.440002441406,505.720001220703,27723000,504.890014648438
2025-08-21,503.690002441406,507.630004882812,502.720001220703,504.239990234375,18443300,504.239990234375
2025-08-22,504.25,510.730010986328,502.410003662109,507.230010986328,24324200,507.230010986328
2025-08-25,506.630004882812,508.190002441406,504.119995117188,504.260009765625,21638600,504.260009765625
2025-08-26,504.359985351562,504.980010986328,498.510009765625,502.040008544922,30835700,502.040008544922
2025-08-27,502,507.290008544922,499.899993896484,506.739990234375,17277900,506.739990234375
2025-08-28,507.089996337891,511.089996337891,505.5,509.640014648438,18015600,509.640014648438
2025-08-29,508.660003662109,509.600006103516,504.489990234375,506.690002441406,20961600,506.690002441406
2025-09-02,500.470001220703,506,496.809997558594,505.119995117188,18128000,505.119995117188
2025-09-03,503.790008544922,507.790008544922,502.320007324219,505.350006103516,16345100,505.350006103516
2025-09-04,504.299987792969,508.149993896484,503.149993896484,507.970001220703,15509500,507.970001220703
2025-09-05,509.070007324219,511.970001220703,492.369995117188,495,31994800,495
2025-09-08,498.109985351562,501.200012207031,495.029998779297,498.200012207031,16771000,498.200012207031
2025-09-09,501.429992675781,502.25,497.700012207031,498.410003662109,14410500,498.410003662109
2025-09-10,502.980010986328,503.230010986328,496.720001220703,500.369995117188,21611800,500.369995117188
2025-09-11,502.25,503.170013427734,497.880004882812,501.010009765625,18881600,501.010009765625
2025-09-12,506.649993896484,512.549987792969,503.850006103516,509.899993896484,23624900,509.899993896484
2025-09-15,508.790008544922,515.469970703125,507,515.359985351562,17143800,515.359985351562
2025-09-16,516.880004882812,517.22998046875,508.600006103516,509.040008544922,19711900,509.040008544922
2025-09-17,510.619995117188,511.290008544922,505.929992675781,510.019989013672,15816600,510.019989013672
2025-09-18,511.489990234375,513.070007324219,507.660003662109,508.450012207031,18913700,508.450012207031
2025-09-19,510.559997558594,519.299987792969,510.309997558594,517.929992675781,52474100,517.929992675781
2025-09-22,515.590026855469,517.739990234375,512.539978027344,514.450012207031,20009300,514.450012207031
2025-09-23,513.799987792969,514.590026855469,507.309997558594,509.230010986328,19799600,509.230010986328
2025-09-24,510.380004882812,512.47998046875,506.920013427734,510.149993896484,13533700,510.149993896484
2025-09-25,508.299987792969,510.010009765625,505.040008544922,507.029998779297,15786500,507.029998779297
2025-09-26,510.059997558594,513.940002441406,506.619995117188,511.459991455078,16213100,511.459991455078
2025-09-29,511.5,516.849975585938,508.880004882812,514.599975585938,17617800,514.599975585938
2025-09-30,513.239990234375,518.159973144531,509.660003662109,517.950012207031,19728200,517.950012207031
2025-10-01,514.799987792969,520.510009765625,511.690002441406,519.710021972656,22632300,519.710021972656
2025-10-02,517.640014648438,521.599975585938,510.679992675781,515.739990234375,21222900,515.739990234375
2025-10-03,517.099975585938,520.489990234375,515,517.349975585938,15104200,517.349975585938
